title,pov_neg
다음주 슈퍼주총 SK 두산그룹 등 1546개 상장사 몰려,0
다음주 슈퍼주총 SK 두산그룹 등 1546개 상장사 몰려,0
넥센타이어 獨 2022 레드닷 디자인 어워드 본상 수상,1
GC녹십자웰빙 건강 정보 유튜브 채널 닥터매거진 리뉴얼,0
유수홀딩스 작년 매출 50% 증가 영업익 흑전,1
GC녹십자 2021년 관계기업 투자손익 815억원,0
유수홀딩스 주당 400원 현금배당 결정,0
넥센타이어 레드닷 디자인 어워드서 2개 본상,0
코오롱FnC 브렌우드 루지선수 임남규와 리얼워커 캠페인,0
에스티팜 mRNA 코로나 백신 임상1상 시험계획 승인 한미약품 GC녹십자 동,0
다음주 슈퍼주총 SK 두산그룹 등 1546개 상장사 몰려,0
타이어업계 전기차 전용 타이어 비중 늘려 실적 반등 노리나,0
유수홀딩스 21일 기업설명회 IR 개최,0
더벨 녹십자 혈액제제 사업 출시지연으로 손상인식,-1
유가증권시장 공시 평화산업 계룡건설산업 지에스글로벌 등,0
韓 타이어 세계 시장공략에 속도,0
코오롱플라스틱 1Q 역대 최대 실적 기대 목표가 45%↑ 신한,1
유수홀딩스 3분기 영업이익 67억 전년대비 1450% 증가,1
GS글로벌 지에스이앤알과 661억원 규모 공급 계약 체결,1
R&D 투자 유한>녹십자>대웅>종근당>한미약품 順,0
넥센타이어 독일 2022 레드닷 디자인 어워드 본상 수상,1
코오롱 차세대 수소전기차 핵심부품 수분제어장치 세계 시장 1위,0
유수홀딩스 15일 기업설명회 IR 개최,0
Real Estate 지에스글로벌 아라오토몰 아라뱃길 경인항 인근 자동차매매단,0
동화약품 2021년 매출 2 930억 전년비 7 7%↑,1
코로나 백신 쌓이는데 치료제 품귀,1
슈퍼레이스 타이어 챔피언십 신설 한국 금호 넥센 경쟁,0
여성 사외이사 없는 보험사는 어디,0
코오롱스포츠 완판템 웨더코트 올 봄도 접수,0
연속 순매도 외인 유수홀딩스 21일째 매도,0
연봉공개 지에스글로벌 정택근 대표 연봉 6억5000만원,0
캐롯 한화 롯데손보 뭉쳤다 국내 최초 합작 손해사정법인 설립,0
동화약품 올해 수출 의료기기 앞세워 매출 3000억 재진입,0
한화 롯데 캐롯 공동손해평가 출범도 전에 업무위탁 두고 노조 반발,0
동화약품 코로나19 치료 후보물질 정부과제 선정,1
2월 자동차보험 손해율 79 3% 전년 동기 대비 5%p 개선,0
동화약품 주가 급등이후 숨고르기 외국인은 매도우위,1
동화약품 코로나 치료 후보물질 DW2008S 정부 연구비 지원,1
이은호 롯데손보 대표 대체투자 추가 부실 없어 건전성도 이상무,0
동화약품 심플렉스와 AI 기반 면역질환 치료제 개발 협력,1
동화약품 AI 신약개발 벤처와 면역질환 치료제 연구 맞손,0
동화약품 주가 6%↑ 코로나 치료제 정부 과제 선정,1
제약 동화약품 주름 탄력 보습 피부 고민 이제 그만,0
여의도 유수홀딩스 빌딩 최고급 오피스텔로 재탄생,1
세모이배월 고배당주 유수홀딩스 500원 배당 미련 버려야,0
강세주 유수홀딩스 최근 가파른 상승세 52주 신고가,1
캐롯 한화 롯데 손보 3사 히어로손해사정 공동 설립,0
4세 경영 동화약품 체질개선 나서나 AI접목 신사업 강화,0
손보사 3사 합작 히어로손해사정 출범 전 잡음 왜,-1
금감원장 보험업계 CEO 간담회,0
코오롱플라스틱 감사 선임 조건은 하나금융그룹 출신,0
여의도 주식왕 2부 이건산업 vs 에스엘바이오닉스 vs 경남스틸 여의도를,0
이건산업 주당 200원 현금배당 결정,0
이건산업 전자투표제 도입 결정,0
용호상박 이건산업,0
이건산업 주당 200원 배당 칠레법인 이어 국내 실적↑,1
윤석열 당선자 K 콘텐츠 영화산업 살펴야 할 문제 이렇다,0
다음주 주주총회 SK 두산그룹 등 1546개 상장사 몰려,0
이건산업 작년 영업익 322억 전년比 452% 증가,1
실적발표 케이아이엔엑스 오로스테크놀로지 세동 이건산업,0
급등주 이건산업 12% 상승 기관 9일째 순매수,1
오미크론 확산에 자동차보험 손해율 다시 안정세,0
형사합의금 2억 한도 운전자보험 도마위 왜,0
한국 금호타이어 왕좌다툼 언더독의 반란 꿈꾸는 넥센,0
＜생생코스피＞지에스글로벌 자회사에 326 4억 규모 채무보증 결정,0
봄바람을 새롭게 코오롱스포츠 웨더코트,0
녹십자 장애인 고용율 0 64% 고용부 지적에도 10년간 제자리,0
휴림로봇 삼부토건 지분 내려놓기 시작 주가 13% 상승,1
MZ세대 잡아라 넥센타이어 맨시티 FIFA 온라인 4 CUP 후원,0
GC녹십자 매출원가율 개선 수익성↑ R&D 확대 기반 확보,1
지에스글로벌 3Q 영업이익 57억5400만원,0
14일 오후 공시 지에스글로벌 영업이익 145억5700만원 189 9% 증가 등,1
클래비스 크린앤사이언스 코오롱글로텍 CuS 기능성 필터소재 양산,0
강호찬 넥센 부회장 작년 연봉 10억6800만원,0
주식 휴림로봇 15% 주가 급등 삼부토건 지분 장내 매도,1
지에스글로벌 4Q 연결실적 적자전환,-1
GC녹십자의료재단 이종욱펠로우십 수료식 개최,0
지에스글로벌 PDI사업 및 글로벌 물류센터 설립,0
단독 있으나 마나 상담원도 인정한 넥센타이어 넥스트레벨 의 황당 서비스,0
코오롱 휴비스 태광 수퍼섬유 아라미드에 전력투구,0
주문진 삼부르네상스 오션포레 분양 돌입,0
특징주 尹 건설관련주 삼부토건 일성건설 주가 오늘은 어떨까,0
특징주 尹 건설주 삼부토건 주가 장중 요동쳐 현재 시황은,0
삼부토건 강릉 주문진 삼부르네상스 오션포레 분양,0
수소 개발 힘 쏟는 코오롱 계열사 역량 다 끌어 모은다,0
삼부토건 우진과 원전해체사업 협력 MOU 체결,1
코오롱 리조트 호텔 물의 날 기념 러브 어스 캠페인,0
휴림로봇 135억 규모 삼부토건 지분 장내 매도키로,0
눈길 끄는 분양 단지 삼부토건 주문진 삼부르네상스 오션포레,0
오늘 주가마감 코스피 거래상위 Top5 KODEX 200선물인버스2X 삼부토건,0
특징주 DB하이텍 DB하이텍1우 8% 강세 최대 실적 기록,1
거래소 DB하이텍1우 투자경고에도 주가 급등해 15일 하루 매매정지,1
이시각 상한가 DB하이텍1우 ▲17400 24일 오전 10시30분,0
이시각 상한가 DB하이텍1우 ▲13200 18일 오전 9시2분,0
DB하이텍1우 커뮤니티 활발 주가 19 17%,0
DB하이텍1우 12 15% 상승폭 확대,1
fnRASSI DB하이텍1우 전일대비 14 89% 상승,1
DB하이텍1우 27 38% 상승폭 확대,1
fnRASSI DB하이텍1우 000995 11 39% 상승,1
DB하이텍1우 5 45% 상승폭 확대,1
블록딜에 흔들린 두산 주가 전망은,0
특징주 박용만 일가 블록딜에 두산 5% 하락 오리콤은 상한가 종합,-1
러 우發 글로벌 에너지 전쟁으로 신재생 에너지 ETF 함박웃음,1
증권소식 최현만 미래에셋증권 회장 6연임 박용만 삼부자 두산 주식 전량,0
두산 테스나 인수로 7%대 강세 두산2우B 상한가,1
급등주 두산2우B 30% 상승 두산중공업 사명 변경,1
두산아트센터 2022년 DAC Artist 강현주 진해정 선정,1
인터뷰 정동욱 한국원자력학회장 윤석열 정부 원전 수출 10기 가능 러,1
두산그룹주 채권단 관리 졸업 원전 기대감 겹호재에 강세,1
두산중공업 채권단 관리 졸업 소식에 10% 이상 급등 계속 갈까,1
인천중부소방서 인천안전누리상 표창장 전수,0
선앤엘 올 상반기 매출 2242억 달성 전년 동기比 5 7%↑,1
선앤엘 올 1분기 영업익 18억 달성 흑자전환,1
선창산업 선앤엘 로 사명 바꿔 국내외 계열사도 적용,0
더벨 건자재 전문 선앤엘 천안 성거산업단지 개발 돌입,0
인천 부평구 ㈜선앤엘과 공원 녹지 임목처리 협약 체결,1
부평 선앤엘 공원 녹지 임목처리 협약 체결,1
부평구 ㈜선앤엘과 공원 녹지 임목처리 협약 체결,1
선앤엘 천안 성거산업단지 조성 사업 착공,1
청정국가 뉴질랜드 이젠 ESG가 대세,0
일양약품 제51기 정기 주주총회,0
일양약품 위장약 제트유 플러스정 리뉴얼 출시,1
일양 양배추 유래 MMSC 위장약 제트유 플러스정 새로 선봬,0
코스피 의약품 종목 등락률 살펴보니 JW중외제약 녹십자 일양약품 강세,1
일양약품 20년 만에 100억 영업익 재현 투자 이익 균형 확보,0
2022 주총 이슈 전망 일양약품 김동연 사장 재선임 볼멘소리 여전 깜깜이,0
일양약품 30억 규모 자사주 취득 신탁계약 체결,1
일양약품 지난해 매출 3 713억 전년비 8 2%↑,1
김동연 일양약품 대표 6연임 예고 역대 최장수 CEO는,0
일양약품 지난해 영업익 410억2501만원,0
증권소식 최현만 미래에셋증권 회장 6연임 박용만 삼부자 두산 주식 전량,0
증권사 주총시즌 CEO 교체 아닌 연임에 초점 관전 포인트는,0
코스피 러 우 2차회담 기대감에 1%대 급등 2740선 마감,1
또 개인만 사네 탄력 없는 코스피 외인 기관 매도세↑,1
시황 코스피 기관 외인 이틀째 매도 2720선 보합권 마감,0
상대강도 과열종목 흥국화재2우B 흥국화재우 대덕1우 대덕전자1우 미래,0
코스피 마감 기관 나홀로 순매수에 2710선 회복,1
2700 복귀 코스피 상승세 이어가 개인 순매도 전환,1
코스피 기관 매수세에 2700 탈환 코스닥도 상승 마감,1
20일 오늘의 상한가 총정리 흥국화재2우B 크라운제과우 이구산업 희림,0
한음저협 추가열 회장 제3회 국민여가진흥대상 수상,1
광주전남기업 러 우 사태로 10곳 중 6곳 피해 입어,-1
러 우 전쟁發 곡물가격 폭등 중동 북아프리카 식량난 등 직접 영향,1
신풍제약우 주가 약세 머크 치료제에 밀리나,-1
경험 많은 창업자가 납기일을 더 어긴다 Monday HBR 앤디 우,0
젤렌스키 푸틴 이제 대화할 때 우 러 정상회담 촉구,0
신풍제약우 주가 급락 무슨 이슈 있나,-1
러 우 사태 피해기업 물류 대체 수출국 발굴 지원 절실,-1
신풍제약우 주가 급락 먹는 치료제는 부족,-1
강원도 러 우 전쟁 및 산불 피해 중소기업 특별 자금지원,-1
신한금투 삼성전자 주가 GOS 사태 우크라 전쟁 등 우려 대부분 반영,-1
AT 전자 소식 삼성전자 LG전자 쿠쿠 바디프랜드 스탠리블랙앤데커코리아,0
갈 길 바쁜데 국제 해커 공격에 삼성 LG 전자 兩强 골머리,0
증시 돋보기 개인투자자 순매수 1위 삼성전자 거래규모 1위 안랩,1
증시 돋보기 개인투자자 삼성SDS 셀트리온 순매수 거래 1위 메지온,1
삼성물산 부장이 안진 파트너 회계사에게 역정 낸 이유는,0
코스피 기관 매수 2 700선↑ 삼성SDS 셀트리온3형제 블록딜에 급락,-1
그리운 8만전자 6만전자로 후퇴한 삼성전자 언제 반등할까,0
영상 러 우 전쟁 리스크 확산 한국 기업 타격 불가피,-1
이주의 주식시장은 코스피 2700 회복 윤석열 당선인 관련주 화제 삼성전자,0
대원강업 오정식 사외이사 신규 선임,0
대원강업 김항수 안전 담당 대표이사로 선임,0
대원강업 건강 상태 살피는 자동차 시트 개발 추진,1
대원강업 자동차 철도시트 건강모니터링 솔루션 개발 착수,0
주요 공시 대원강업 와이오엠 인터엠 비씨엔씨 디알텍,0
脫 러시아 도미노 셧다운 러시아 장갑차 에 부딪힌 한국車,0
다음주 슈퍼주총 SK 두산그룹 등 1546개 상장사 몰려,0
엘브이엠씨 계열사 케이알모터스 주식 97억원에 추가취득,0
대원강업 주가 4%↑ 주당 100원 현금배당,1
대원강업 결국 적자전환 허재철 회장 깊어지는 한숨,-1
ENVEX 2019 영상 케이알모터스 오는 10월 양산 예정인 국내 최초 Bobber 스,0
단독 대표 허재철 대원강업 회장 산적한 당면과제,0
더벨 매각 타진 KR모터스 오세영 회장 의중 안갯속,0
대원강업 주당 100원 현금배당,0
실적속보 잠정 KR모터스 연결 2020 1Q 영업이익 3 86억원,0
실적속보 KR모터스 연결 2019 2Q 영업이익 21 92억원,0
KR모터스 신규 이사 후보 업계 전문가 영입 경영개선 신호탄,0
KR모터스 업계 전문가 영입 경영개선 신호탄,0
증선위 공시의무 위반한 엔아이스틸 제재,0
KR모터스 오세영 회장 신규이사선임 책임경영 강화,0
내 종목을 부탁해 복잡한 계좌 해결 방법은,0
다음주 슈퍼주총 SK 두산그룹 등 1546개 상장사 몰려,0
아우디 폭스바겐 등 수입사 리콜 실시 총 21개 차종 4 789대,0
급등주 대원전선 대원전선우 주가 가파른 상승세 배경은,1
증선위 ㈜엔아이스틸에 과징금 300만원 동양 관련 안건은 연기,0
특징주 尹 오차범위 밖 선전에 대원전선 25% 강세,1
엔아이스틸 자본시장법 위반으로 당국제재 받아,0
삼성전자 현대차 네이버 등 101개사 3월 3째주 주총,0
대원전선 주가 폭등랠리 가온전선 서전기전 일진전기도 들썩,1
문배철강 철광석 원료 부족 문제로 상한가 돌입 엔아이스틸 부국철강 등 철,0
대원전선 주가 2%↑ 윤석열 서울 경기 수도권 집중유세,1
급등주 대원전선 25% 강세 尹 지지율 상승에 관련주 일제히 올라,1
대원전선 주가 3%↑ 윤석열 반드시 이겨야 하는 선거,1
이번 주 101개 상장사 주총 현안 두둑 눈여겨볼 종목은,0
공시 대원전선 지난해 영업익 23억 전년比 45 9% 감소,0
특징주 대원전선 尹 후보 김종인 재회 소식에 주가 상한가 찍나,0
당진 현대제철과 엔아이스틸 노동자 잇달아 산재사고로 사망,0
fnRASSI NI스틸 008260 52주 신고가 경신 3 5% ↑,1
FN 스탁피드 스몰캡 분석 NI스틸 철강및금속 업종 내 저평가,0
fnRASSI NI스틸 52주 신고가 달성 5 3% ↑,1
단독 BMW 코오롱모터스 고객 운전대에 오일 범벅 무책임 논란,0
코오롱인더우 코오롱인더 희비 엇갈려 특히 코오롱인더우 1% 낙폭,0
코오롱인더우 코오롱인더 모두 상승 흐름 특히 코오롱인더우 1% 상승,1
코오롱인더우 코오롱인더 모두 하락세로 코오롱인더우 2% 하락 이어 코오롱,-1
코오롱인더우 코오롱인더 지지부진한 주가 코오롱인더우 소폭 상승 이어 코,1
코오롱인더우 코오롱인더 모두 하락세로 코오롱인더우 1% 하락 이어 코오롱,-1
코오롱인더우 코오롱인더 모두 하락세로 코오롱인더우 1% 하락 이어 코오롱,-1
코오롱인더우 코오롱인더 모두 상승세로 코오롱인더우 1% 상승 이어 코오롱,1
코오롱인더우 코오롱인더 모두 하락 흐름 코오롱인더우 1% 하락 이어 코오,-1
코오롱인더우 코오롱인더 희비 엇갈려 코오롱인더우 1% 상승 반해 코오롱인,1
현대차증권 마이데이터 서비스 전용 앱 출시,1
현대차증권 MTS 마이데이터 유튜브 동영상 조회수 40만회 돌파,1
POSCO홀딩스 1Q 견조한 실적 2Q 가격 인상이 관건 현대차,0
크래프톤 눈높이를 낮춰도 상승여력 충분 현대차증권,1
현대차증권 실적 경신에도 우발채무 증가 왜,1
현대차증권 변동장서 IBK플레인바닐라 EMP 펀드 추천,0
부동산 거래 침체 국면 PF 기댄 현대차증권 위기 오나,0
현대차증권 첫 여성 사외이사 선임 ESG경영 강화,0
LG유플러스 무선서비스 수익 성장률 둔화 예상 현대차,0
증권소식 NH투자증권 비상장사 분석 리포트 발간 삼성증권 미국주식 주간,0
현대건설 4명 최다 KOVO 여자부 FA 명단 공시,0
윤영준 현대건설 사장 수주 28조 목표 신사업 안전관리 강조,0
윤영준 현대건설 대표 소형모듈원자로 등 신사업 집중,0
윤영준 현대건설 사장 수주 목표 28조원 안전경영 신사업 개발,0
현대건설 국내 최대 규모 망중립 데이터센터 착공,1
용산 유엔사 부지 개발사업 현대건설 우선협상대상자로 선정,1
두중 탈원전 폐지 차세대 원전 기대 쑥 250만호 공급 GS 현대건설,1
현대중공업그룹 50주년 정기선 시대 개막,0
현대건설 용인에 국내 최대 규모 망중립 데이터센터 착공,1
현대건설의 독주 집토끼 단속 에 달렸다,0
실적점검 페이퍼코리아 4Q 영업이익 101억원 PER 9 1배,0
페이퍼코리아 31일 정기주주총회,0
페이퍼코리아 작년 연간 연결 영업익 313억 전년비 9 4%↓,-1
다음주 주주총회 SK 두산그룹 등 1546개 상장사 몰려,0
권육상 페이퍼코리아 대표이사 모친상,0
특징주 페이퍼코리아 거리두기 강화에 주가 9% 들썩 4일만에 반등,0
페이퍼코리아 주가 17%↑ 나투라미디어에 34억 운영자금 대여 결정,1
택배 포장 관련주 페이퍼코리아 대영포장 주가 상승세 거리두기 강화 조치,1
급등주 페이퍼코리아 15% 상승 4일만에 반등,1
페이퍼코리아 계열사 나투라미디어에 34억 운영자금 대여 결정,0
특징주 성창기업지주 뚜껑열린 원자재 랠리 목재 동참 시장 점유율 1위,0
주요 공시 보라티알 엘컴텍 한화솔루션 한솔제지 성창기업지주,0
한솔제지 종이목재 상장기업 브랜드평판 3월 빅데이터 분석 1위,0
성창기업지주 지난해 영업익 105억 전년비 30 4% ↑,1
성창기업지주 주가 2%↑ 지난해 매출액 1709억,1
성창기업지주 주가 4%↑ 지난해 영업이익 80억,1
특징주 성창기업지주 이재명 대선지지율 1위 공공주택株 합류 친환경 보드,0
52주 최고가 성창기업지주 0 7%↑ 77개 종목 장중 신고가,1
특징주 성창기업지주 합판 PB 판가 급등 시총 2배 자산가치는 덤,1
조림사업 관련주 나란히 상승 효성오앤비 한익스프레스 성창기업지주,1
다음주 슈퍼주총 SK 두산그룹 등 1546개 상장사 몰려,0
미원상사 주당 500원 현금배당 결정,0
주요 공시 씨에스윈드 엘앤씨바이오 한화생명 코미팜 미원상사,0
미원상사 작년 연간 연결 영업익 571억 전년비 33 3%↑,1
주요 공시 NH투자증권 삼성전기 미원상사 피에스텍 앱클론,0
경남대 김세윤 교수 미원상사 신진과학자상 수상,1
경남대 김세윤 교수 미원상사 신진과학자상 수상,1
경남대 김세윤 교수 미원상사 신진과학자상 수상,1
미원상사그룹 3세 경영 윤곽 나오나 미원상사는 장녀 김소영 미원홀딩스는,0
공시 미원상사 3분기 배당 주당 5200원 현금 배당,0
남광토건 밀양 삼문동 가로주택정비사업 수주,0
실적점검 남광토건 21 4Q 영업이익 122억원 PER 6 2배,0
남광토건 주가 10%↑ 지난해 매출액 3567억,1
용호상박 남광토건,0
남광토건 서울수서역세권 공사계약기간 11월8일까지로 정정,0
다음주 슈퍼주총 SK 두산그룹 등 1546개 상장사 몰려,0
건축 건설 수혜주 성건설 남광토건 서희건설 KCC건설 상승 주택공급 확,1
16일 상한가 총정리 일성건설 범양건영 플랜티넷 서울리거 상승 이재명,1
주요 공시 롯데정보통신 유한양행 아세아 NI스틸 남광토건,0
아유경제_재건축 협진신태양 소규모재건축 시공자에 남광토건,0
시간외 증시 NPC우 하이골드3호 상한가 근접 넥센타이어1우B 아이디피,0
시간외 증시 크라운제과우 윈텍 위즈코프 시간외 상한가 넥센타이어1우B,0
29일 오늘의 상한가 총정리 STX중공업 넥센타이어 금호타이어 급등 조선,1
투자심리과열 종목 상승 TOP5 웰바이오텍 삼성바이오로직스 넥센타이어1우,1
투자심리과열 종목 상승 TOP5 휴온스 이건산업 넥센타이어1우B 대주전자,1
한국거래소 거래 부진 삼양홀딩스 우선주 등 내년 단일가 매매로 JW중외제,0
투자포인트 삼양홀딩스우 대유플러스 현대건설 LG상사 250일 신고가 주,1
넥센타이어1우B 7 29% 상승폭 확대,1
넥센타이어1우B주가 2일 0 19%변동,0
넥센타이어1우B 20일 0 00%변동폭 보여,0
다음주 슈퍼주총 SK 두산그룹 등 1546개 상장사 몰려,0
에이케이홀딩스 애경유화 보통주 4만주 추가 취득,0
공시 에이케이홀딩스 애경유화 보통주 3만주 장내 매수,1
에이케이홀딩스 애경산업 지분 40 02%로 변동 장내매수,1
애경산업 특별관계자 에이케이홀딩스 등 지분율 63 73%→63 7%,0
에이케이홀딩스 특별관계자 지분 변동,0
에이케이홀딩스 제주항공 주식 7000주 장내매수,1
에이케이홀딩스 제주항공 주식 7000주 장내매수,1
에이케이홀딩스 제주항공 주식 3000주 장내매수,1
에이케이홀딩스 제주항공 주식 4118주 장내매수,1
신영증권 온 오프라인 하나로 통합 플랫폼 구축,0
신영증권 자사주 8941주 장외처분 결정,-1
실적 뒷걸음질 신영증권 고배당 기대감에 주가↑ 원국희 오너일가 두둑,1
엔피 위드코로나 시대 호실적 전망 신영,0
신영證 한국전력 윤석열 공약에 연료비 조정 연기,0
돈 되는 건 다해라 증권업계 새 먹거리 확장,0
제주항공 수익성 본궤도는 2023년 신영증권,0
주요 공시 신영증권 고영 국영지앤엠 신도리코 KR모터스,0
금호석유화학 1500억 소각용 자사주 매입 신탁계약 체결 미래에셋 삼성,1
단독 신영증권 LG엔솔 거래 먹통 손실보상 안 한다 피해자 소송 불사,-1
조흥 김성태 대표이사 신규 선임,0
조흥 지난해 영업익 190억7264만원,0
조흥 보통주당 6500원 현금배당 결정,0
주요공시 조흥 한국정보인증 유니크 아티스트코스메틱 미래아이앤지,0
조흥 지난해 영업익 190억원 기록 전년比 61 5%↑,1
더벨 상폐 위기 바른전자에 묶인 한국채권운용 여유로운 이유는,0
실적점검 조흥 3Q 영업이익 46억원 PER 7 8배,0
유휘성 전 조흥건설 대표 고려대에 10억 추가 기부,0
유휘성 前 조흥건설 대표 기부 아직 끝나지 않아 남은 재산 다 주고 떠날 것,0
4Q 실적 조흥 영업이익 39억 전년비 27%↑,1
북광주팀 26기 삼총사 광주권 생명수,0
3월 다섯째 주 경방 등 1546개사 정기 주총 개최,0
전남 광주권 세대교체 이끄는 이 전 김,0
조선내화 설영오 사외이사 자진사임,0
경륜 북광주팀 26기 삼총사 광주권 생명수,0
조선내화 매출액 영업익 증가,1
젊음의 행진 경륜 세대교체 이끄는 북광주팀,1
메리츠화재해상보험 이랜드월드 SGC그룹 조선내화 인천항만공사 신입 인,0
경륜경정 북광주팀 26기 신인 삼총사 활약 주목,0
조선내화 지난해 영업익 331억 전년비 44 6% ↑,1
경방 타임스퀘어 화이트데이 선물 프로모션 진행,0
조선내화 광양공장 복지재단에 이불 80채 기탁,0
경방 타임스퀘어 화이트데이 프로모션 진행,0
조선내화㈜ 광양시어린이보육재단에 후원금 전달,0
장예찬 이재명 장남 무경력 취업 주 경방 초고속 승인 대가,0
실적점검 조선내화 3Q 영업이익 104억원 PER 18 7배,0
경방 주당 125원 현금배당 결정,0
조선내화 추석 명절맞이 위한 백미 지원,1
광양제철소 협력사협회 3분기 우수 협력사 조선내화 이도영 주임 선정,1
조선내화 양극재 필수 소재 사업 진출,0
국제 곡물가격 인상 농우바이오 아세아텍 마감 주가는,0
아세아시멘트 올해 첫 번째 사랑의 헌혈데이 실시,0
아세아항공직업전문학교 레고랜드 개장 유관기관 대테러 합동훈련 참가,0
주요 공시 세아특수강 삼성카드 대한유화 아세아시멘트 삼성카드,0
곡물 농기계 관련주 우크라 전쟁 심화 TYM 골든센츄리 아세아텍 대동,0
장마감 거래 급증주 점검 아세아텍 거래량↑ 그 외 종목은,1
아세아 이훈범 오기호 대표이사 체제 변경,0
특징주 농기계株 아세아텍 6%대 강세 식량위기 2차대전 이후 최악,1
특징주 농기계업 아세아텍 곡물가 상승에 덩달아 주가 오른다,1
아세아시멘트 제천공장 사랑의 헌혈데이,0
NH투자증권 비상장사 분석 리포트 발간,0
LG에너지솔루션 원통형 전지의 강한 수요 목표가↑ NH증권,1
특징주 LG엔솔 4%대 상승 증권가 목표가 줄상향,1
쿠콘 펀더멘털 대비 주가 하락 과도 NH투자증권,-1
오리온 러시아법인 견조 과도한 저평가 NH,0
NH證 신한지주 양호한 실적에 자사주 취득 소각 결정 매력,0
정영채 NH투자증권 사장 세번째 연임 성공,0
NH투자증권 비상장기업 보고서 발간 시작,0
정영채 NH증권 대표의 디지털혁신 MTS 나무증권 잔고 50兆 육박,0
NH투자증권 리포트 비상장회담 N잡러의 시대 발간,0
하한가 일양약품우 코로나 치료제 러시아 임상 실패 주가↓,-1
1일 오늘의 상한가 총정리 일양약품우 효성티앤씨 대림통상 세방전지,0
특징주 일양약품 일양약품우 장초반 급등,1
급등주 현대건설우 23% 강세 신규 수주액 1조 돌파 탓,1
ET라씨로 러 우크라 전쟁 장기화 곡물주 신송홀딩스 9%↑,1
주요 공시 케이제이엠글로벌 윈팩 신풍제지 덕우전자 KSS해운,0
시총 100대 기업 주간 순위 변화는 현대건설 6계단 점프,0
특징주 일양약품우 러시아 백혈병 1차 치료제 등록 임박에 상한가,0
특징주 곡물 관련주 신송홀딩스 차별점 부각에 거래량 8배 주가는,0
용호상박 SH에너지화학 이스타코,0
신풍제지 주당 60원 결산배당 결정,0
대원전선 대원전선우 모두 하락세로 대원전선 소폭 하락 이어 대원전선우,-1
상한가 종목 일양약품우 한국비엔씨 대성엘텍 상한가 마감 뒤이어 효성티앤,0
28일 상한가 총정리 보성파워텍 일진파워 신풍제약우 강세 文대통령 원전,1
22일 상한가 총정리 화성산업 신송홀딩스 미코바이오메드 CBI 상승 곡물,1
특징주 美천연가스 광구 보유 SH에너지화학 에너지 공급 대란에 주가는,1
특징주 신풍제지 한창제지 포장 수혜주 현재 주가 시황은,0
단기과열종목 해제 코앞 한화투자증권우 대덕1우 흥국화재우 대원전선우,0
현대건설우 주가 10 14% 급하락 주주들 울상,-1
SH에너지화학 주가 15%↑ 천연가스 상승 지난해 호실적 영향,1
시황 코스피 저가대비급등 TOP 100 6월 10일 장마감 시황 JW중외제약우 두,1
신풍제지 주가 16%↑ 확진자 연일 5만명대에 포장재 관련주 강세,1
특징주 신송홀딩스 곡물 무역 유통 해외사업 부각 11%↑,1
대원전선 대원전선우 지지부진한 주가 대원전선 소폭 상승 이어 대원전선우,1
장동건 고소영 사는 168억 더펜트하우스 청담 올 보유세만 5억원,0
주간 종합 코스피 상승률 Top 10 일양약품우 68 45% ↑ 주간 상승률 1위,1
다음주 주주총회 SK 두산그룹 등 1546개 상장사 몰려,0
코스피 코스닥 장중 상승 신송홀딩스 멜파스 내츄럴엔도텍 급등,1
급등주 SH에너지화학 소폭 상승 러 우크라 침공에 국제유가 급등,1
임직원도 외면한 현대건설 주식 유상증자 흥행 가능할까,0
단기과열종목 해제 코앞 유유제약1우 녹십자홀딩스2우 대원전선우 SK증권,0
영풍제지 신풍제지 골판지 관련주 급등에 하락으로 엇갈려 특히 영풍제지,-1
일양약품 3세 정유석 시대 오나 71세 노장 김동연 사장 자리 지킬까,0
신송홀딩스 10억원 규모 자기주식취득 신탁계약 해지 결정,0
대원전선 대원전선우 희비 엇갈려 대원전선 1% 상승 반해 대원전선우 2% 하,1
급등주 SH에너지화학 3% 상승 지난해 매출액 1398억,1
서철모 화성시장 GTX C노선 연장 대선공약 이행 기대한다,0
주요공시 신풍제지 자비스 SGA 오스테오닉 대우건설,0
신송홀딩스 우크라 농산물 수출 허가제 도입 소식에 상한가,0
이주의 주식 흐름은 우선주들 계속되는 상한가 삼성중공업 삼성중공우 관심,0
2030 주거 대체 상품으로 발길 자금 부담 낮춘 e편한세상 시티 풍무역,0
1일 오늘의 상한가 총정리 대원전선 노루홀딩스우 노루페인트우 한국전자인,0
코스피 3월 거래량 상위5 삼부토건 HMM SH에너지화학 대창 사조동아원,0
업앤다운 건설주 하락 금호건설 우 ↑ HDC현대산업개발↓,-1
강세주 신풍제지 10% 상승 사회적 거리두기 수혜,1
신송홀딩스 주가 17%↑ 지난해 영업익 70억,1
표 1일 코스피 주가 Top 50 하락률 대교 주가 하락률 1위 17 77% 내려 장,-1
서울 GTX 건설현장서 노동자 1명 숨져,0
24일 수혜주 총정리 SH에너지화학 한일단조 빅텍 상승 국제유가 방산 관,1
시즌 2번째 12연승 성공 현대건설 5R 첫 상대 흥국생명 잡고 선두질주 인천,0
포장 골판지 관련주 영풍제지 신풍제지 주가 급등 이유,1
신송홀딩스 주가 6% 급등 무슨일,1
이주의 주식시장은 계속되는 정치테마주 강세 속 이준석 합류 대한전선 두,1
다음주 슈퍼주총 SK 두산그룹 등 1546개 상장사 몰려,0
영풍제지 신풍제지 골판지 관련주 모두 급등 영풍제지 25% 급등 이어 신풍,1
다음주 슈퍼주총 LG화학 전자 등 765개사 개최,0
특징주 현대엔지니어링 상장철회에 현대건설 로켓 상승,1
장마감 급등주 점검 신송홀딩스 상한가 외 재무 상태는,1
국제유가 수혜주 중앙에너비스 한국석유 SH에너지화학 주가 일제 강세,1
급등주 대원전선우 17% 강세 윤석열 장모 불법 요양병원 운영혐의 항소심,1
부국증권 이종성 사내이사 신규 선임,0
전주상의 제49회 상공의날 우수기업 표창 수여,0
다음주 슈퍼주총 SK 두산그룹 등 1546개 상장사 몰려,0
급등주 SH에너지화학 21% 강세 러시아 우크라이나 전쟁에 관련주 부각,1
코스피 단기과열종목 덕성우 크라운해태홀딩스우 등 줄하향세 최대 19 6,0
더벨 이사회 모니터 부국증권 거래소 심사위원 영입 IB 비즈니스 존재감,0
전세계 투자자 86% 사모시장이 공모 성과 웃돌 것,0
주식투자와 SNS 결합 커피하우스 SK증권 기업은행서 투자유치,0
충북코스닥 전기장비 보성파워텍 1 695원 보합 대원전선우 은 5 7% 급,0
전주상공회의소 제49회 상공의 날 우수기업 표창장 수여,0
햇반값 7% 인상 밥짓는 연료값 올라,0
증권소식 KTB금융그룹 다올금융그룹으로 새 출발 KB증권 미국 나스닥 전광,0
돈 되는 건 다해라 증권업계 새 먹거리 확장,0
대림서 DL 빅히트서 하이브 상호변경 상장사 28% 늘었다,0
부국증권 경북 강원 산불 피해복구 성금 5000만원 전달,-1
특징주 SM C&C 카카오 SM 최대 1조원 대 인수 소식에 강세,1
삼성SDS 오너家 블록딜 펀더멘탈 무관 하락 과도 SK,-1
이다소미 l 디엘컴퍼니 대표 비모피 가장 친환경 소재는 모피다,0
증권사 울진 삼척 강릉 산불피해 지원 잇따라,-1
소셜인베스팅랩 SK증권 등으로부터 프리 A 투자 유치,0
SM 카카오가 품나 인수 금액 최대 1조원대 거론,0
지난해 상장법인 122개사 상호변경,0
IB토마토 크레딧시그널 사업다각화 탓에 SK증권 자본적정성 우려 지속,-1
증권데이톡 부국證 산불 피해 구호 성금 5000만원 전달 외,-1
KT CJ 1천억 규모 콘텐츠 동맹 맺었다,0
온천장 부산대역 더블역세권에 들어서는 45층 단지 장전 디엘시티 홍보관,0
CJ제일제당 70년 무노조 경영 깨지나 노조 설립 움직임,0
증권가 브리핑 NH 대신 하나금투 신금투 키움 한국 KB 부국증권,0
SK증권 삼성에스디에스 추가 지분매각 가능성은 부담 요인,0
부속합의서 결국 재논의 택배노조 파업 종료,0
부국證 배당 확대 오너일가 주머니 두둑,1
특징주 신원종합개발 삼부토건 에이티세미콘 신풍제약우 주가 上,1
작년 증권사 CEO 보수 김원규 18억 궈밍쩡 13억 박현철 7억,0
법원 택배노조 CJ본사 점거 금지 가처분 다음주 초 결론,-1
러 우 반도체 특수가스 공급우려 제한적,-1
증권사도 슈퍼 주총데이 교보 유안타 대표 연임하나,0
부국증권 보통주 1600원 우선주 1650원 현금배당 결정,0
TV홈쇼핑 지에스리테일‧씨제이이엔엠 재승인 결정,0
1월 31일 신영증권우 주식종목 0 19% 52 600원,0
SK증권 모바일 역량 강화 비대면 금융 문턱 낮춰,0
택배노조 CJ대한통운 19일째 이어온 점거농성 해제,0
1월 20일 신영증권우 투자주식 52 900원 0 19%,0
새로운 시대의 부 잡아라 가상자산에 꽂힌 증권가,0
1월 29일 신영증권우 증권투자 1 15% 52 900원,0
중소형 증권사 새 캐시카우는 채권발행 주관,0
1월 28일 신영증권우 실시간증시 0 00% 52 800원,0
1월 10일 신영증권우 주식창 0 19% 52600원,0
1월 17일 신영증권우 증권매매 52 800원 0 19%,0
데일리 주가정보 신영증권우 001725 오후 12시 04분 기준 및 종목관련 동,0
1월 7일 신영증권우 주식주가 0 19% 52700원,0
전남 함평군 대동면 식목일 기념 편백 힐링숲 나무심기 행사 성료,0
대동모빌리티 신임 대표이사에 원유현 대동 총괄사장 선임,0
대동모빌리티 신임 대표이사에 원유현 대동 사장 선임,0
서른 아홉 이무생 첫 촬영하는 전미도에 간식 커피차 배우의자 대동,0
대동병원 MZ세대 젊다고 결핵 방심 마세요,0
봄과 함께 온 불청객 대동병원 봄철 맞아 미세먼지 대응법 공유,0
박승현 대동문화운영이사회 신임 이사장 취임,0
대동단결 블로킹,0
홍자시대 헌혈 차 대동→공룡 코스튬 지금까지 본 주접 중에 최강 주,0
대동 이앙기 1인 모내기 시대 연다,0
실적점검 비비안 4Q 영업이익 7억원 적자전환,-1
비비안 무빙 라이트핏 브라 출시,1
비비안 골프선수 배수연 홍서연 프로와 후원 계약 체결,1
KLPGA 배수연 홍서연 등 비비안 쌍방울과 후원계약,0
비비안 2022 S S 무빙 라이트 핏 브라 공개,0
비비안 오는 31일 정기 주총 소집,0
쌍방울 비비안 골프신동 홍서연 등 프로 골퍼 4명 후원,0
비비안 화이트데이 프리미엄 란제리 추천,0
면세점업계 편의점 홈쇼핑 손잡고 면세품 판매 늘린다,0
유통 이슈 굽네닭컴 봄 맞이 3 3 3 트리플 혜택 이벤트 진행 外,0
제일약품 제일파마홀딩스 정기주총 개최 현금배당 의결,0
제일약품 제일파마홀딩스 정기주주총회 개최,0
공정위 지주회사 행위제한 위반 제일파마홀딩스 검찰 고발,0
23일 제약바이오 소식 종근당건강 제일약품 동국제약,0
자회사외 국내계열사 주식 소유 제일파마홀딩스 대명화학 제재,0
7천억 매출 달성 제일약품 올해 도전정신으로 극복,0
소유 금지주식 미처분 제일약품 지주사 공정위 오너3세 한상철 고발,-1
공정위 대명화학 제일파마홀딩스 지주사 규정 위반 제재,0
공정위 제일파마홀딩스 한상철 대표이사 檢 고발 지주회사 행위제한 위반,0
제일약품‧제일파마홀딩스 주총 개최 사별 안건 원안대로 승인,0
신입 인턴 채용정보 메리츠화재해상보험 이랜드월드 인천항만공사 등,0
메리츠화재해상보험 9100억원의 연결영업이익 발표 전년대비 49 3% ↑,1
국내 최초 보험사 100년 기업 메리츠화재 빅테크와 협력 통할지 관심사,1
남동구 메리츠화재해상보험 2022년 걱정해결사업 추진 업무협약,1
메리츠화재 1000억 규모 자사주 취득 신탁계약 체결,1
메리츠화재 지난해 영업익 9076억 전년비 49 3% ↑,1
메리츠화재 주당 620원 현금배당 결정,0
더벨 보험경영분석 메리츠화재 금리 오르자 대출영업 짭짤하네,0
메리츠화재 3분기 영업익 2421억 전년비 57 7% ↑,1
강릉시 메리츠화재해상보험 주식회사와 2022년 걱정해결사업 추진,1
기획연재 2022 업체별 신제품 주력 작물보호제 ④ 동방아그로,0
추천약제 동방그림팜 티모렉스 골드,0
주식 동방아그로 주가 갑작스런 14% 급등 이유는,1
동방아그로 보통주 250원 우선주 255원 현금배당,0
오후 거래 급증주 점검 동방아그로 거래량↑ 그 외 종목은,1
특징주 동방아그로 장 초반 10% 넘게 상승 왜,1
동방아그로 주가 상한가 대북지원 부각,1
이달의 작물보호제,0
동방아그로 농협경제지주와 775억원 농약 공급계약,1
보다 확실하고 보다 빠른 한 방 2022년 동방아그로 신제품,0
새정부 지역현안 산업수도 울산 위상 구축 해상풍력 동력은 약해질 듯,1
이화여대 신입생 OT 메타버스로 개최,0
권오란 이화여대 신산업융합대학 교수 연구팀 발효식품 황국곡자 콜레스테롤,0
코스피 상장사 1분기 실적 훨훨 순이익 증가율 1위 이화산업,1
특징주 이화산업 14% 상승 사외이사 서울대 법대에 사법연수원 출신,1
이화산업 주가 13 23%↑ 윤석열 관련주로 주목 받는 이유는,1
주식 이화산업 윤석열 관련주 편입 갑작스러운 14% 강세,1
진보3당 금속노조 울산지부 울산형일자리 이화산단은 비정규직 양산공장,0
오후 거래 급증주 점검 이화산업 거래량↑ 그 외 종목은,1
특징주 이화산업 주가 13% 상승세 친환경 신규염료 지속적 개발,1
실적점검 대유에이텍 21 4Q 영업이익 176억원 전년비 28 1%,0
대유위니아그룹 종합R&D센터 준공 완료,0
다음주 주주총회 SK 두산그룹 등 1546개 상장사 몰려,0
자동차부품업계 전년 연간실적으로 희비 엇갈려 대유에이텍 전년 순이익 72,0
대유에이텍 현대트랜시스 차량용의자 완제품 공급업체 선정,1
대유위니아그룹 종합R&D센터 준공 완료,0
대유위니아그룹 3년내 재계 50위 진입,0
특징주 자동차부품 관련주 대유에이텍 현재 주가 시황,0
대유에이텍 주가 6%↑ 리비안 IPO 목표 가격 높였다,1
SW산업보호대상 대유에이텍 정품 라이선스 사용 미인가 SW 분기별 점검,0
한진칼우 주가 20%↑ 여객 수요 회복 기대감에,1
두산 테스나 인수로 7%대 강세 두산2우B 상한가,1
증권사 주총시즌 CEO 교체 아닌 연임에 초점 관전 포인트는,0
급등주 한화솔루션우 29% 상한가 NH투자 실적호조 전망,1
대신증권 주가 부양 총력전,0
NH투자증권우 7 70% 상승폭 확대,1
NH투자증권우 3 41% 상승폭 확대,1
NH투자증권우 1 16% 상승폭 확대,1
1월 30일 NH투자증권우 주식현재가 0 23% 8 640원,0
29일 데일리 주식정보 NH투자증권우 005945 오후 12시 14분 기준 및 주식,0
GS건설 바이오디젤 생산설비 표준 모듈화 MOU 체결,1
다음주 슈퍼주총 LG화학 전자 등 765개사 개최,0
태경케미컬 원자력 발전 필수 기술 드라이아이스 세척 사업 진출,0
다음주 슈퍼주총 LG화학 전자 등 765개사 개최,0
케이씨씨건설‧극동건설‧삼부토건 지난해 4분기 건설 사망사고 최다,0
태경케미컬 드라이아이스 세척장비 신사업 추진,1
주택 250만 호 공약 실현된다면 건설주 윤석열 랠리 에 방긋,0
2700 복귀 코스피 상승세 이어가 개인 순매도 전환,1
주요 공시 동방 모아데이타 아이센스 우성 케이씨씨,0
태경케미컬 헬륨대란 일어나나 주가 17% ↑,1
상위 10개 건설사 중 7곳 건산법 위반으로 행정처분,-1
다음주 슈퍼주총 SK 두산그룹 등 1546개 상장사 몰려,0
코스피 기관 매수세에 2700 탈환 코스닥도 상승 마감,1
허웅 앞세운 디비 6강 향한 귀중한 1승,0
태경케미컬 외인 기관 팔자에 주가 17% 상승 무슨일,1
월요기획 전선업계 친환경 날개 달고 새로운 도약 꿈꾼다,0
마감종합기사 카카오게임즈 상장 첫날 코스닥 시총 5위 등극 수소차 테마주,0
SK 생명나눔 온 溫 택트 헌혈 캠페인 5000명 돌파,1
거래소 주간 기관투자자 순매수 도 상위종목 4 18 22일,1
다음주 주주총회 SK 두산그룹 등 1546개 상장사 몰려,0
오후 급등주 점검 태경케미컬 17% 급등 외 재무 상태는,1
2월 CJ4우 등 39개사 1억8678만주 의무보호예수 해제,0
다스코 지에스건설과 71억 공급계약,1
국내 디지털 콘텐츠 제작사 ㈜디엘360 글로벌 럭셔리 브랜드360 가상현실 영,0
가온전선 주가 4%↑ 지난해 영업익 165억 전년비 31% 증가,1
롯데 VS SK네트웍스 정정당당하게 포토,0
지난해 건설 사망자 17명 케이씨씨건설 극동건설 삼부토건 2명씩,0
특징주 태경케미컬 유럽 가스가격 폭등에 관련주 부각 14%↑,1
6000클래스 3차오피셜테스트 서한GP 정회원 3차 주행서 1위 포디움 기대감,0
LH 인천검단 AB21 1 부천괴안 B2 주택개발 공모리츠 시범사업 우선협상대상,0
CJ제일제당 씨제이외 7명 1 8% 감소 37 8% 보유,0
전통적 비수기지만 신규분양 집중 2월 2 2만가구 일반분양,0
코로나 극복 SK 헌혈 캠페인 5773명이 팔 걷었다,0
한국거래소 거래 부진 삼양홀딩스 우선주 등 내년 단일가 매매로 JW중외제,0
GS건설 자이안 비 서비스 확대 파리크라상 서울옥션블루 제휴,1
포토 KCC 민사고 학생에 정상영 장학금 전달,0
특징주 태경케미컬 주가 강세 러시아 제재 가스 가격↑ 영향 받나,1
20일 낙찰 계약 동향 광평리 개목사길 선형개량공사 동횡성농협 벼 육묘장,0
공시 가온전선 지난해 영업익 166억 전년比 31% 증가,1
실적점검 경농 21 4Q 영업이익 100억원 PER 16 8배,0
이사회 입성 최성환 SK네트웍스 사업총괄 경영 능력 시험대,0
부국증권우 등 저유동성 9개 종목 내년 단일가 매매 적용,0
KCC 정몽진 사내이사 반대 검찰 위장계열사 벌금 1억원 약식기소,0
발주 시공 하청 모두 범LG 파주 감전사고 석달전 압사와 같은 건설사,0
코스피 코스닥 장중 하락폭 확대 태경케미컬 일진디스플 대동기어 뛰,-1
경농 30일 정기주총 개최,0
유니폼 어깨에 앉은 신라면 e스포츠 광고 뜨거운 맛,0
윤재인 가온전선 대표 매출액 1조원 돌파 큰 시장 서 新동력 찾을 것,1
부국증권우 등 저유동성 10개 종목 내년 단일가 매매 적용 예고,0
최신원 전 SK네트웍스 회장 지난해 보수로 97억원 수령,0
중기부 지에스건설 등 4개사 공정위에 고발 요청 공정거래법 하도급법 위,0
기획연재 2022 업체별 신제품 주력 작물보호제 ③ 경농,0
우병우 1심 이재용 2심 부인한 김영한 수첩 증거능력 인정,0
가온전선 안전경영 강화 앞장 안전감독관 임명,0
1월 30일 부국증권우 주식현재가 18 200원 0 00%,0
공정거래법 미래에셋자산운용㈜ 미래에셋생명보험㈜ 지에스건설㈜ 검찰,0
민정수석실 파견검사 우병우 CJ E&M도 CGV 공범 고발 지시,0
특징주 태경케미컬 우크라이나發 가스공급 차질 우려 5%↑,-1
경농 항생제 없이 화상병균 사멸 아그리파지 주목,0
Zero for Future 가온전선 신재생 PJT 수주 강화로 신성장동력 창출,0
29일 낙찰 계약 동향 수원한일초 방과후 연계형 돌봄 다함께꿈터 리모델링,0
재계 3세경영 바람 효성 한화 SK 현대중 주총서 이사진 속속 합류,0
국민연금 주주활동 속도 조절하나 단순투자 기업 8곳 지정,0
태경케미컬 2021년 영업익 122억 사상 최대,0
경농 박테리오파지 활용 생물농약 아그리파지 액상제 출시,1
한신평 가온전선 기업어음 신용등급 A2 유지,0
1월 29일 부국증권우 주식종목시세 18 150원 0 00%,0
코레일 대전기관차 승무사업소 설날맞이 떡국 나눔행사 동참,0
임원보수 최신원 전 SK네트웍스 회장 작년 97억 수령 子 최성환은 7 8억,0
55회 납세자의 날 고액 납세의 탑 1위 SK E&S 국세 3천억원 탑 수상,1
제넨바이오 영장류 CRO 본격화 흑자전환 원년 기대,1
공시 가온전선 3Q 영업이익 39억 전년比 32 6%↑,1
SK 구미 산단에 1조 투자 SK실트론 12인치 웨이퍼 선두 포부,0
업체소식 경농 화상병균 쏙쏙 잡는 아그리파지 액상제 출시,1
1월 24일 부국증권우 주식장 18 200원 1 09%,0
프로농구 케이씨씨와 서브 스폰서 계약,0
힙합Da Q M T A T 중심 탐쓴 Tomsson 픽션 트릴로지 로 대한민국 노린다,0
더벨 오리엔트바이오 흑자전환 3Q 누적순이익 34억,1
가온전선 가파른 상승세로 4% 상승 3만원선 회복,1
더벨 SK네트웍스 최대 3000억 공모채 발행 추진,1
경농 주당 350원 현금배당 결정,0
클래식 팝 힙합 망라 수퍼스타 총출동 역대급 무대,0
1월 23일 부국증권우 주식장 0 82% 18 250원,0
단기과열종목 해제 코앞 유유제약1우 녹십자홀딩스2우 대원전선우 SK증권,0
오리엔트바이오 3거래일만에 하락세 자사 매각 대금으로 받은 주식 때문,-1
남해화학 경농 등 비료주↑ 농산물 가격 인플레 우려속 투자 매력 쑥,-1
가온전선 2021 국제전기전력전시회서 송전 용량의 대용량화에 대응한 초고압,0
상대강도 과열종목 한화투자증권우 셀리드 크라운제과 크라운제과우 이,0
신설법인 현황 2002년 12월30일 1월4일 부산,0
1월 22일 부국증권우 배당주식 1 09% 18 200원,0
특징주 오리엔트바이오 3일째 상승 美 계열사 매각 영향인가,1
화상병균만 잡는다 경농 아그리파지 액상제,0
코스피 단기과열종목 덕성우 크라운해태홀딩스우 등 줄하향세 최대 19 6,0
신설법인 현황 2000년 10월16일 21일 부산,0
오리엔트바이오 미국 계열사 매각으로 657억원 확보,0
1월 21일 부국증권우 오늘주식장 18 550원 0 00%,0
공시 경농 농협경제지주와 1072억 규모 농약 구매 납품 공급계약,1
특징주 sk증권우 주가 장 중 가파른 상승세 기록 SK증권 5000억원 규모 K,1
1월 31일 부국증권우 주가그래프 1 10% 18 050원,0
오리엔트바이오 주가 13%↑ 이재명 지지율 다시 상승 중,1
급등주 두산퓨얼셀2우B 두산퓨얼셀1우 11% 상승 중국 시장 개척 기대감,1
급락주 오리엔트바이오 9% 하락 탈모 공약에 건보 이사장 난감,-1
1일 특징주 SK증권우 SK디스커버리우 오디텍 상한가 반도체주 강세,1
오리엔트바이오 1월 들어 8 2% 급등 코스피 의약품 종목 월간 상승률 TOP,1
SK증권우 1 25% 상승폭 확대,1
특징주 오리엔트바이오 이재명 테마주 탈모 치료제 수혜로 부각,0
SK증권우 1 91% 상승폭 확대,1
특징주 오리엔트바이오 22% 상승 이재명 탈모약 영향,1
SK증권우 4 87% 상승폭 확대,1
SK증권우 3 60% 상승폭 확대,1
휴비스 김건호 사내이사 선임 삼양그룹 4세경영 가속,0
김윤 삼양홀딩스 회장 지난해 보수 21억원,0
삼양그룹 동해안 산불 피해 복구에 2억원 기부,-1
실적점검 삼양홀딩스 21 4Q 영업이익 311억원 PER 3배,0
삼양패키징 정기 주총 개최 조덕희 대표 사내이사 재선임,0
다음주 주주총회 SK 두산그룹 등 1546개 상장사 몰려,0
삼양그룹 동해안 산불 피해 복구 동참,-1
라이센스 식음료 PICK 삼양그룹 오뚜기 CJ제일제당 外,0
난공불락 항암제 시장 국내 개발 제네릭 속속 침투,0
수급과 가치 삼양홀딩스 52주 최저가 기록 PER 2 8배,0
이수화학 작년 매출 1 7조 달성 화학 업황 호조 건설 흑자 전환,1
다음주 슈퍼주총 SK 두산그룹 등 1546개 상장사 몰려,0
오늘의 케미칼 금호석유화학 롯데정밀화학 이수화학,0
울산 고기능성 융복합 화학소재 지원센터 구축사업 본격화,1
현대경영 특집판 The 7 Habits,0
실적점검 이수화학 4Q 영업이익 266억원 PER 4배,0
주요 공시 키맥스 서희건설 덕산네오룩스 한화시스템 티와이엠,0
여의도 주식왕 2부 하이스틸 vs 이수화학 vs SDN 여의도를 달굴 종목은,0
TYM 고객케어센터 CCC 오픈 원스톱 고객 서비스 강화,0
금호피앤비화학 친환경 캠페인 고고챌린지 동참,0
동반위 티와이엠 TYM 과 중소 협력기업 ESG 지원,1
고기능성 융복합 화학소재 지원센터 건립 착수,1
마켓인사이트 농기계 전문 업체 티와이엠 해외 매출 증가하면서 신용도 전망,1
울산시 고기능성 융복합 화학소재 지원센터 구축,1
15일 공시 자사주매입 종근당홀딩스 티와이엠,0
금호석유화학 hy와 플라스틱 재활용 ESG 양해각서 체결,1
TYM 우크라이나에 트랙터 현금 기부,0
다음주 주주총회 SK 두산그룹 등 1546개 상장사 몰려,0
TYM 국제종합기계 동해안 산불 피해지역 주민들 긴급 지원,-1
지난해 상장법인 122개사 상호변경,0
LG엔솔 전기차 생산차질 상쇄 강점 목표가 14%↑ 삼성,1
선도전기 상폐사유 발생 절차상 문제 이의신청 할 것,0
실적점검 선도전기 4Q 영업이익 25억원 적자지속,-1
현장스케치 대한민국 미래 전기차 문화를 이끄는 전시회 xEV 트랜드 코리아,0
기아 2030년 전기차 120만대 판매 PBV 1위 목표,0
기아 선도적 전기차 브랜드 도약 2030년 120만대 판매 추진,1
전기안전공사 공공기관 최초 가상법인카드 도입으로 혁신경영 선도,0
군산시 전기차산업 청년근로자 역량강화교육 개최,0
다음주 슈퍼주총 SK 두산그룹 등 1546개 상장사 몰려,0
글로벌 브랜드 최초 전기차들에 타이어 공급 기술력 인정받아,1
삼성화재 배당성향 45 3% 30대그룹 상장사 중 톱,0
대법원 3부 임의비급여 치료관련 실손보험금 반환청구 사건 공개변론 진행,0
주요 공시 OCI KCI 에이프로 티사이언티픽 삼성화재해상보험,0
재건축 규제 풀린다 안전진단 신청 봇물,0
주요 공시 아세아시멘트 삼성화재해상보험 랩지노믹스 유아이엘 LS,0
한달새 1억7000만원 껑충 집값 하락 여긴 더 뛰어요,-1
삼성화재해상보험 4Q 영업익 1051억 전년比 48 9% ↓,-1
신길우성2차 우창아파트 재건축 수주 4파전 되나,0
삼성화재 4분기 매출액 4조9206억 전년비 1 9% ↑,1
급등주 우성 10% 강세 곡물가 급등에 사료주 부각,1
2022년은 아주 특별한 해 삼성화재 70년 고객 임직원과 함께 미래를,0
부동산 가보니 신길우성2차 GS vs 대우 맞대결 수주 기세 자이 앞서,0
창립 70주년 삼성화재 예년과 달리 온라인서 기념,0
우성스포츠재단 2022년 골프꿈나무 후원 행사 개최,0
연천 자연재난 대비 풍수해보험 가입 홍보,0
우성스포츠재단 골프 꿈나무에 장학금 4000만 원,0
기업분석 창립 70주년 앞두고 사령탑 바꾼 삼성화재 차보험 손해율 개선 특,0
아유경제_특집 1기 신도시 리모델링 활성화 계속될까,0
특징주 우성 러 우크라 사태 속 곡물가 급등 주가 훨훨↑,1
1기 신도시 리모델링과 재건축 봇물 대형건설사 일감 확대 기대,1
유유네이처 유판씨 멀티구미 PPL 진행,0
유유제약 지난해 실적 악화 영업익 등 적자전환,-1
유유 계명약대 산학협력 실무실습 마쳐,1
유유제약 2021년 매출 1 157억 전년비 17 9%↑,1
유가증권시장 주총 현황 28일 키움증권 29일 두산 30일 SK하이닉스 31일,0
유유제약 피지오머 비강세척액 시장점유율 1위 수성 나선다,1
실적점검 유유제약 4Q 영업이익 4억원 적자전환,-1
유유제약 개별인정형 건기식 관절앤굿 출시,1
유유제약 건강기능식품 판매처 마이파우치 봄맞이 할인 이벤트,0
감기약 대란에 제약주는 콧노래,0
동양의 나폴리 에 세계적 아티스트 모인다 20주년 통영국제음악제 개막,0
맞춤형 보장 동양생명 수호천사간편한내가만드는보장보험,0
강희정 교수 일상과 밀착되어 있던 동양미술의 미 美,0
동양의 나폴리 가고시마로의 골프 여행,0
동양생명 웹툰으로 MZ세대 고객 접점 넓힌다,0
동양레이더 청주 솔밭 모험의 숲으로 체험하러 오세요,0
동양레이더 시각장애인을 위한 점자민원 책자 발간,0
동양레이더 가정용 저녹스보일러 설치 지원,1
대구가톨릭대 안중근동양평화상 기관 선정,1
집사부 멤버 동양식체질 MBTI 결과는,0
특징주 삼일제약 어린이 감기약 대란에 강세,1
식약처 차장 부루펜 생산 삼일제약 찾아 어린이감기약 공급독려,1
삼일제약 부국철강 하이스틸 시간외 거래 급등,1
김진석 식약처 차장 삼일제약 방문,0
역시 신민아 파워 삼일제약 일일하우 프로틴밀 1차 물량 완판,0
제약업계 리뉴얼 제품 바람 익숙한 듯 새롭다,0
삼일제약 비건브랜드 일일하우 로 4조원 규모 건기식 행보 잰걸음,0
부음 김희창 삼일제약 베트남법인장 씨 부친상,0
주총 앞둔 제약사 세대교체 바람불까,0
25개 상위제약사 1000억원 이상 부채 신약개발 빚낸다,0
다음주 슈퍼주총 SK 두산그룹 등 1546개 상장사 몰려,0
상상인증권 김장열 삼성전자보다 SK하이닉스 선호,0
차바이오텍 글로벌 위탁개발생산 주가 반등 모멘텀 상상인,0
상상인증권 JW생명과학 수액제 매출 증가로 턴어라운드 가능,1
아이티센 공공부문 확대 통한 지속 성장 전망 상상인,1
상상인증권 한국소비자 평가 최고 브랜드 MTS부문 2년 연속 수상,1
미스터블루 새로운 도전과 다양한 시도 준비 중 상상인證,0
상상인證 롯데관광개발 여행욕구 분출 본격 코로나 시대 잠재력,0
상상인증권 크리스탈지노믹스 오는 5월 췌장암 병용임상 2상으로 상승동력,1
상상인證 롯데관광개발 여행재개시 연간 6200억 매출 예상,0
급성중독 16명 두성산업 대표 구속영장 기각,0
개미 나 몰라라 하는 한진칼 주주 보호한다더니 손 놓은 산업은행,0
고려산업 주가 7%↑ 급상승 이유는,1
중앙대 산자부 산업혁신인재성장지원 사업 선정,1
여의도 주식왕 2부 풍원정밀 vs 고려산업 vs 아모센스 여의도를 달굴 종목,0
급등주 고려산업 6% 상승 곡물 가격 폭등 때문,1
특징주 곡물 사료 관련주 고려산업 영업익 47% 하락에도 주가는 상승,-1
세종시 내 외부 산업단지 조성 시너지 효과 창출 촉구,0
특징주 고려산업 러시아 침공에 세계 식량 가격 폭등 미국 브라질 베트,1
세종시의회 김원식 의원 산업단지 조성 방식 개선하라,0
대구백화점 울진 등 산불 피해 복구에 구호 물품 지원,-1
난 아트전시 보고 골프 즐기러 백화점 간다,0
대구백화점 제44회 대백어린이 미술 공모전 개최,0
유가증권시장 주총 현황 28일 키움증권 29일 두산 30일 SK하이닉스 31일,0
주 대구백화점 울진 삼척 산불 피해 지역에 생필품 지원,-1
10월 21일 워크넷 채용정보 하나저축은행 삼정케이피엠지 제이더블유중외,0
놓치면 후회 대구백화점 3월 맞아 25 27 30일 고전 영화 상영,0
제이더블유중외제약 리바로정2mg 일부제품 표시 오류로 회수,0
포토뉴스 대구신세계百에 수제맥주 와인숍,0
검 경 갈등 불똥 튄 JW중외제약 불법 리베이트 혐의 수사 칼끝 어디로,0
흡연 폭행 대구 동성로 어둠 드리운 골목 불 밝힌다,0
잡인사이드 제이더블유중외제약 공채 속보 경력 채용,0
대구지역 백화점 고객맞이 새단장 층별 리뉴얼 나서,0
잡인사이드 제이더블유중외제약 공채 속보 경력 신입 채용,0
대구 신세계百 지역 기업 고객과 함께 ESG 경영 실천,0
제이더블유중외제약 직원 위탁 제품 위생관리 엉망 검찰 송치,0
주가 78% 급락하자 8살 손주 등에 45억원어치 증여한 대구百 구정모 회장,-1
실적속보 잠정 JW중외제약 별도 2020 1Q 영업이익 1 67억원,0
JW중외제약 회계위반에 과징금 2000만원,0
증선위 JW중외제약에 과징금 2천만원 감사인지정 등 조치,0
주총 창업주 3세 한독 김동한 상무 등기이사 입성,0
한독 2021년 6개사 지분법손익 156억원,0
2022 주총 작년 성과부터 경영승계까지 제약사 관전포인트는,0
한국폴리텍대학 동부산캠퍼스 대학발전위원회 정례회의,0
신일전자 프리스탠딩 방식 더블 인덕션 출시,1
한독 제51회 약연상 시상 총 5명 약사 수상,1
신일전자 지난해 연매출 1935억원 역대 최대 영업이익 96억원,0
제약사이모저모 동국제약 동화약품 암젠코리아 신신제약 사노피 한독,0
신일전자 역대 최대 실적 선풍기 출고 173만대,0
한독 썰감정 도 결국 자진취하 티아프로펜산 제제 역사의 뒤안길로,0
한독상공회의소 2022년 이노베이션 어워드 후보 기업 공모,0
이주의 전자뉴스 신제품 경쟁 후끈 다양한 혜택 확인하세요,0
한독 제51회 약연상 시상,0
선풍기 강자 신일 작년 최대 매출,0
정윤석 신일전자 대표 종합가전회사 넘어 100년 기업으로,0
한독 보령제약 대원제약 삼일제약 동화약품 오너 3세 경영권 승계 주목,0
유통 이슈 신일 프리스탠딩 방식의 더블 인덕션 출시 外,1
신일 설치공사 필요없는 더블 인덕션 출시,1
신일전자 계절 잊은 캠핑 동계 캠핑의 필수템으로 신일 팬히터,0
오늘의 전자 단신 신일 프리스탠딩 방식 더블 인덕션 출시 外,1
23일 상한가 총정리 삼성중공우 STX엔진 티로보틱스 이스트아시아홀딩스,0
코스피 상승률 50선 우크라이나 불확실성에 조선업 급등 삼성중공우 상한,1
SK네트웍스 SK네트웍스우 모두 하락 부진 SK네트웍스 3% 하락 이어 SK네트,-1
특징주 SK네트웍스우 삼성중공우 이어 연속 상한가 우뚝,0
SK네트웍스우 1 41% 상승폭 확대,1
SK네트웍스우 3 22% 상승폭 확대,1
SK네트웍스우 22 33% 상승폭 확대,1
SK네트웍스우 7 91% VI 발동,0
SK네트웍스우 11 11% VI 발동,0
SK네트웍스우 2 10% 상승폭 확대,1
동부건설 환경전문가 사외이사 선임 ESG 위원장도 겸임,0
중기중앙회 최옥술 유성구의원에 감사패,0
동부건설 ESG 경영 본격 추진 환경 전문가 선임,1
최옥술 의원 중소기업중앙회 감사패 수상,1
동부건설 산업플랜트 진출 도로 환경분야 개척,0
유성기업 지난해 영업익 75억 흑자전환,1
건설 부동산 1장 HDC현산 롯데건설 아이에스동서 외,0
유성기업 주당 120원 현금배당 결정,0
숨 고르기 마친 동부건설 올해 과거 위상 되찾을까,0
장 중 기업공시 3월 8일,0
동부건설 646억 규모 명지파크 가로주택정비 사업 수주,0
기업공시 3월 8일 금호석유 1500억 규모 자사주 취득 등,0
동부건설 518억원 규모 라오스 메콩강변 종합관리사업 착공식,1
다음주 주주총회 SK 두산그룹 등 1546개 상장사 몰려,0
유성기업 주가 상한가 무슨 이슈 있나,0
동부건설 640억 규모 포항 두호동 가로주택정비사업 수주,0
고의로 조합원 연월차수당 미지급한 유성기업 회장 벌금형,0
주총 시즌 중견 건설사 사업 영역 확대 잰걸음,1
수억대 수당 지급안한 유성기업 회장 2심도 벌금 2천만원,0
롯데건설 정비사업 고삐 이문4 미아3 돈암6 기대감↑,1
Who Is 안철수 윤석열 대통령직인수위원회 위원장,0
한국거래소 거래 부진 삼양홀딩스 우선주 등 내년 단일가 매매로 JW중외제,0
삼양홀딩스우 2 35% VI 발동,0
삼양홀딩스우 2 71% 상승폭 확대,1
삼양홀딩스우 9 06% VI 발동,0
삼양홀딩스우 8 15% VI 발동,0
삼양홀딩스우 1 16% 상승폭 확대,1
삼양홀딩스우 5 11% 상승폭 확대,1
삼양홀딩스우 6 99% 상승폭 확대,1
삼양홀딩스우 6 80% 상승폭 확대,1
백광산업 7% 급등에 5100원선 재돌파 공매도 수량 20주 미만,-1
특징주 백광산업 이재명 그린벨트 활용 신규 택지 조성 방안에 상승,1
백광산업 주가 강세 이재명 발언 여파 그린벨트 관련주,1
백광산업 주가 1%↑ 석탄가격 때문,1
특징주 백광산업 中전력난 가성소다 수요 급증 가격 40% 급등 소식에↑,1
오후 거래 급증주 점검 백광산업 거래량↑ 그 외 종목은,1
백광산업 갑작스런 9% 급등에 6000원선 재돌파 공매도 수량 0주,-1
백광산업 188억원 규모 신규시설 투자,0
백광산업 가파른 하락세로 8% 급락 6000원선 무너져,-1
백광산업 주가 4%↑ 1분기 영업이익 44억,1
박승우 도화엔지니어링 회장 최고 대우 받는 회사 만들 것,1
도화엔지니어링 박승우 곽준상 김덕구 대표이사 체제로 변경,0
박승우 도화엔지니어링 회장 최고 대우 받는 회사 만들 것,1
도화E 국가철도공단 컨소 아프리카 고속철도시장 첫 진출 쾌거,0
유신 검단 경명로간 및 인천공항고속도로 연결도로 건설사업관리용역 수,0
국가철도공단 도화 북아프리카 고속철도 시장 확대 위한 포석 놓는다,1
국내 건설업계 방글라데시 신규 PPP사업 제안 봇물,0
도화엔지니어링 인도네시아 소수력발전사업 PPA 체결,1
도화ENG 김영운 대표 임기 만료 3인 각자대표 체제로,0
가봤더니 9개 신규사업 쏟아낸 한국 방글라 공동협의체,0
특징주 상폐 하루 앞둔 폴루스바이오팜 33% 급락,-1
특징주 폴루스바이오팜 정리매매 첫날 급락,-1
폴루스바이오팜 거래소 상폐 결정 가처분 신청 법원서 기각,-1
폴루스바이오팜 개선계획 이행 심의요청서 접수,0
폴루스바이오팜 회계법인 세일원 반기보고서 감사의견 거절,0
오늘의 급락주 지스마트글로벌 폴루스바이오팜 IBKS제17호스팩 한국주강,-1
오늘의 급락주 지스마트글로벌 폴루스바이오팜 엔지켐생명과학 엘티씨,-1
오늘의 급락주 폴루스바이오팜 인카금융서비스 지스마트글로벌 지에스이,-1
오늘의 급락주 폴루스바이오팜 원풍물산 엘아이에스 지티지웰니스 지스,-1
오늘의 급락주 폴루스바이오팜 에이디칩스 리더스코스메틱 위메이드맥스,-1
제약 바이오 주총 관전포인트 수장교체 현금배당 눈길,0
급등주 유유제약 유유제약2우B 유유제약1우 동반 상승 코로나 확진자 폭,1
ET라씨로 이틀째 확진자 5만명대 유유제약1우 8% 상승,1
11개 제약주 유가증권시장 2월 월간 주가상승률 Top100,1
유유제약1우 주가 7%↑ 신규확진 7850명 위중증 964명,1
특징주 유유제약2우B 유유제약1우 27% 급등 인공호흡기 공급,1
유유제약 1우 2우B 주가 급등 무슨 일,1
급등주 유유제약2우B 26% 강세 확진자 폭발에 산소포화도 측정기 부각,1
유유제약‧유유제약1우 모두 급등으로 훨훨 특히 유유제약 19% 급등에 1만원,1
급등주 유유제약 유유제약1우 20% 강세 산소포화도 측정기 주문 급증,1
카프로 주가 4%↑ 지난해 매출 5824억 전년비 128% 급증,1
급등주 카프로 6% 상승 요소수 대체제 확인,1
비료 관련주 카프로 14 58% 상승세 조비 효성오앤비 뒤이어,1
특징주 카프로 국내 산업용 요소수 대체 물질 개발 소식에 급등,1
㈜카프로 국내 산업용 요소수 대체 물질 개발,0
카프로 3거래일 연속 상승에 20% 급등 공매도 수량 20주 미만,-1
카프로 주가 12%↑ 카프로락탐 가격 상승에 수익성 개선,1
강세주 카프로 6% 상승 실적 회복세,1
3년 만의 흑자 기대하는 카프로 주가 부양 가능할까,1
특징주 카프로 7% 상승 유안비료 생산업체,1
소방청 어린이재단 흥국화재 등과 어린이안전 업무협약,0
더벨 보험경영분석 흥국화재 항공기 대체투자 손상차손 미미,0
삼성화재 손보업계 정보량 1위 호감도 흥국화재 잇따라 1위,0
뉴스투데이 카드뉴스 흥국화재 취업 어때,0
현대모비스 교보생명 흥국화재해상보험 GS글로벌 LG전자 한화정밀기계 등,0
직장 돋보기 분석 흥국화재 평균연봉 6963만원 3연임 권중원 대표의 실적,0
더벨 흥국화재 사모 후순위채로 올 첫 조달 개시,0
한신평 흥국화재 후순위채 신용등급 안정적 부여,0
더벨 흥국화재해상보험 후순위채 400억 발행,0
다음주 슈퍼주총 LG화학 전자 등 765개사 개최,0
GS리테일 합병 시너지 글쎄 장애인 관련 악재까지,0
과기정통부 GS리테일 CJ ENM TV 홈쇼핑 재승인,0
웰바이오텍 GS리테일과 32억 규모 코로나19 자가검사키트 공급계약,1
개인정보 유출 무신사 지에스리테일 등 7개사 과태료 부과,0
헤럴드∙e대한경제∙지에스리테일∙농민신문사∙볼링플러스 등 신입∙경력 모,0
헤럴드 지에스리테일 농민신문사 등 신입∙경력 모집,0
웰바이오텍 지에스리테일과 자가진단키트 72억 공급계약,1
납품업자에 갑질 지에스리테일 과징금 54억,-1
공정위 납품업체 갑질 지에스리테일에 과징금 53억9 700만원 제재,-1
멋대로 반품하고 판촉비 떠넘기고 지에스리테일 과징금 10억원,0
인터뷰 프로젝트 E TL에서 볼 수 없는 동양의 아름다움에 집중,0
3일 수혜주 총정리 삼부토건 노루홀딩스우 한국선재 경남스틸 상승 윤석,1
급등주 동양3우B 20% 강세 윤석열 안철수와 단일화 가능성 시사,1
급등주 동양우 동양2우B 동양3우B 상한가 윤석열 지지율 공개,1
급등주 동양3우B 동양2우B 동양우 강세 윤석열과 무관한 기업,1
17일 상한가 총정리 솔루스첨단소재2우B 한국주강 유앤아이 오토앤 강세,1
23일 상한가 총정리 삼성중공우 STX엔진 티로보틱스 이스트아시아홀딩스,0
단기과열종목 해제 앞두고 녹십자홀딩스2우 동양우 LX홀딩스1우 계양전기,0
투자경고종목 넥스트사이언스 노루페인트우 노루홀딩스우 대덕1우 동양,0
11일 오전 특징주 동양3우B‧유유제약2우B‧대호에이엘 상한가‧유유제약1우,0
특징주 동신건설 범양건영 주가 껑충 민주당 원내대표 선거 영향,0
범양건영 3거래일 연속 주가 강세 무슨 이슈 있나,1
범양건영 주가 강세 새정부 주택 정책 기대감↑,1
특징주 민주당 원내대표 선출 동신건설 범양건영 이스타코 주가는,0
이재명 수혜주 이스타코 범양건영 동신건설 카스 상승 배경은,1
범양건영 주가 2%↑ 이재명 낙선 인사 중 숨진 당원 조문,1
급등주 범양건영 3% 상승 재외선거 개표 영향,1
급등주 범양건영 21% 상승 이재명 재외선거 과반 득표,1
범양건영 신원종합개발 등 건설주 강세 보여,1
범양건영 주가 29%↑ 이재명 사흘만에 다시 미안합니다,1
한국쉘석유 영업익 380억 전년비 22 8%↑,1
한국쉘석유 주당 1만9000원 현금배당 결정,0
SK이노베이션 석유가스 상장기업 브랜드평판 3월 1위,0
한국쉘석유 작년 연간 영업익 380억 전년비 22 8%↑,1
쉘코리아 주영규 사장 선임 문무바람 대표 겸직,0
특징주 흥국화재우 주가 24% 급등세 손해보험회사 순호감도 1위,1
한국쉘석유 예룬 라머스 신임 대표이사 선임,0
특징주 흥국화재우 주가 29% 급등세 8개 손해보험사 중 호감도 1위,1
한국쉘석유 라머스 예룬 피터 대표이사 체제로 변경,0
표 거래소 기관 외국인 주간 매매동향,0
실적점검 한국쉘석유 3Q 영업이익 93억원 PER 14 5배,0
한국쉘석유 업계 최대 탄소중립 프로그램 동참,0
거래소 주간 기관투자자 순매수 도 상위종목 8 26 30일,1
고배당 한국쉘석유 여전한 배당매력,0
거래소 주간 외국인 순매수 도 상위종목 2 10 14일,1
마감종합기사 주식시장 3개 종목 상한가 JW중외제약 씨젠 신풍제약에 몰,0
거래소 주간 기관투자자 순매수 도 상위종목 9 16 19일,1
이주의 주식은 실적발표 씨젠 상한가 나파모스타트 관련주 SK케미칼 급등,1
거래소 주간 외국인 순매수 도 상위종목 5 27 31일,1
외국인 우선주로 매수 확대,1
거래소 주간 외국인 순매수 도 상위종목 3 10 14일,1
거래소 주간 국내기관 순매매 상위 20종목 040112 040116,0
다음주 슈퍼주총 SK 두산그룹 등 1546개 상장사 몰려,0
은탑산업훈장 받는 석인국 티씨씨스틸 전무이사,0
최태원 제24대 서울상의 회장 공식 추대,0
오늘의 주인공 창간 25주년 기념 철강금속업계 우수고객 초청 골프 모임 시,0
지난 1년간 경북 기업 중 품질개선 으뜸 기업은,0
CPTPP 가입 검토 RCEP 이어 FTA 영토 확장 가속,0
문 대통령 다자무역인 CPTPP 가입 검토 첫 언급,0
문대통령 CPTTP 가입 검토 국제사회 논의 주도적 참여,0
한국 무역 다 함께 더 멀리 무역의 날 기념식 개최,0
제57회 무역의 날 이동근 테크로스 이동건 대표•김현석 삼성전자 대표,0
임재택 한양증권 대표 3연임 확정 공익 주주가치 중시,0
한양증권 임재택 대표 3연임,0
증권사 주총 막바지 CEO 연임 여성 사외이사 눈길,0
변화보단 안정 막바지 향해가는 증권사 정기주총 올해 키워드는,0
구관이 명관 증권사 CEO 위기 속 연임 행렬,0
중소형 증권사 새 캐시카우는 채권발행 주관,0
증권소식 정영채 NH투자증권 사장 임재택 한양증권 대표 3연임 성공 미래,0
한양證 작년 당기순익 794억 원 전년比 73%↑,1
한양증권 지난해 영업이익 1162억원 창사 첫 1000억원 돌파,1
한양증권 사상 첫 1000억원대 영업익,0
상한가 종목 에디슨EV 지엘팜텍 상한가 마감 뒤이어 동부건설우 형지I&C 해,0
특징주 동부건설우 29% 급등 한진중공업 최대주주로,1
급등락주 짚어보기 동부건설우 한진중공업 방위사업부문 인수 소식에 상,1
투자경고종목 넥스트사이언스 노루홀딩스우 대덕1우 반색 노루페인트,0
동부건설우 윤석열‧홍준표 원팀 난항에 16 43%↑ 증시이슈,1
11일 특징주 카카오게임즈 DB하이텍 1우 연일 상한가 디딤 엠투엔 급등,1
2일 상한가 총정리 동부건설우 형지엘리트 형지I&C 해성산업1우 에디슨EV 주,0
업앤다운 건설주 하락 금호건설 우 ↑ HDC현대산업개발↓,-1
업앤다운 건설주 상승 신세계건설 ↑ 동부건설 우 ↓,-1
1월 29일 동부건설우 주식주가 21 700원 5 08%,0
유가증권시장 주총 현황 28일 키움증권 29일 두산 30일 SK하이닉스 31일,0
25개 상위제약사 1000억원 이상 부채 신약개발 빚낸다,0
삼성제약 아노핀정 보험급여 중지 18일 진료분부터,0
복지부 삼성제약 아노핀정 보험급여 중지,0
삼성제약 지난해 매출 549억 전년비 13 7%↑,1
삼성제약 지난해 영업손실 181억원 적자 확대,-1
심사평가원 삼성제약 아노핀 보험급여 중지,0
에이치엘비제약 전문약 사업 본궤도 매출 껑충,0
일동제약 3 87% 상승 눈길 코스피 의약품 종목 상승률 선두,1
64개 상장제약사 중 25개사 이익잉여금 축소,0
2022 주총 이슈 전망 삼양통상 허남각 대표 사내이사 선임 상정 CGCG 고,0
허남각 삼양통상 회장 28일 주총 재선임 반대 83세 고령에 과다겸직,0
삼양통상 주당 1250원 현금 배당 결정,0
다음주 슈퍼주총 SK 두산그룹 등 1546개 상장사 몰려,0
저PER주 삼양통상 원재료 가격 상승에도 이익률 높아,1
더벨 허준홍 삼양통상 사장측 꾸준한 ㈜GS 지분 매입 6% 육박,0
실적점검 삼양통상 3Q 영업이익 97억원 PER 3 6배,0
공시 허준홍 삼양통상 사장 GS주식 15만주 매수,1
GS그룹 오너가 맏이 삼양통상 가문 차기 왕좌 포기,0
마법공식 삼양통상 수익성 개선에 ROE 쑥쑥,0
이수페타시스 8년 만의 호황 지속적인 실적 성장 기대,0
中선전 셧다운에 기판 디스플레이株 꿈틀,0
이수페타시스 하락추세 탈피 뚜렷 외국인 왕성한 매수행진,-1
수급과 가치 이수페타시스 52주 신고가 기관 러브콜,1
이수페타시스 목표주가 상향 인쇄회로기판 호황에 영업이익 증가,1
이수페타시스 호실적 타고 주가 훨훨 영업익 전년比 267%↑,1
이수페타시스 지난해 영업익 469억 전년비 3 7배 급증,0
특징주 이수페타시스 인쇄회로기판 호황에 영업익 급증 전망 5%↑,1
다음주 슈퍼주총 SK 두산그룹 등 1546개 상장사 몰려,0
특징주 이수페타시스 주가 상승세 전자장비 관련주 이슈 주목,1
주총 하이트진로 첫 女사외이사 김인규 대표 과거 방식 바꾼다,0
하이트진로 청정라거 테라 로 돌풍 예고,0
오늘부터 가격 오른 하이트진로 맥주,0
하이트진로 참이슬 아이유 공식 이어간다,0
하이트진로 참이슬 아이유 광고 모델 재계약,0
하이트진로 이은경 사외이사 신규선임,0
부당직위해제 맞다 하이트진로 노동위 상대 행정소송 패소,0
하이트진로 맥아 포대 재활용해 친환경 가방으로 제작,0
테라 하이트 가격도 오른다 하이트진로 맥주 출고가 평균 7 7% 인상,0
하이트진로 테라 하이트 등 맥주 출고가 7 7% 인상 종합,0
제약 바이오 주총 관전포인트 수장교체 현금배당 눈길,0
급등주 유유제약 유유제약2우B 유유제약1우 동반 상승 코로나 확진자 폭,1
11개 제약주 유가증권시장 2월 월간 주가상승률 Top100,1
급등주 유유제약2우B 26% 강세 확진자 폭발에 산소포화도 측정기 부각,1
급등주 유유제약 유유제약2우B 유유제약1우 상승 코로나 일반관리군 모니,1
특징주 유유제약2우B 산소포화도 측정기 주문 쇄도로 29%대 상승,1
급등주 유유제약 유유제약1우 유유제약2우B 주가 상승세 배경은,1
휴스틸 유유제약2우B 카스 시간외 상한가 무슨 이슈 있나,0
ET라씨로 이틀째 확진자 5만명대 유유제약1우 8% 상승,1
산소포화도 측정기 수혜주 씨유메디칼 드림텍 주가 하락 유유제약2우B 상,-1
건자재 기업 일신석재 보광산업 한일현대시멘트 전년 연간실적으로 희비,0
동해안 산불 한일현대시멘트 영월군에 피해복구 성금 1억원 기탁,-1
한일현대시멘트 원가부담 등으로 올해 이익은 소폭 감소,0
임재석의 증시 Veiw 대통령 당선인 공약 시멘트 관련주 수혜 전망,0
강원도 도내 4개 시멘트사 공동협력사업 업무협약 체결,1
강원도 시멘트산업 탄소중립 실현 공동협력사업 추진 업무협약 체결,1
윤석열 시대 주택 공급 확 늘린다는데 볕 들까 건설‧건자재‧시멘트株,1
시멘트업계 지역사회 기금출연 본격화 한일현대 쌍용 영월에 32억,0
강원도 시멘트산업 탄소중립 실현 MOU,0
화천기공 영업익 33억 전년비 132 6%↑,1
시멘트 대란에 톤당 10만원 예상 양회업계 주가 상승세,1
화천기공 주당 1000원 현금배당 결정,0
신영자산 화천기공 지분 확대 7 33%→8 57%,1
공시 화천기공 주당 750원 현금배당,0
신영자산 화천기공 지분 축소 8 63%→7 33%,0
강세업종 공작기계 상승세 화천기공 4%,1
더벨 진격의 중견그룹 화천그룹 오너 3세 경영 시험대 올랐다,0
더벨 진격의 중견그룹 화천그룹 경영 승계 시계가 돌기 시작했다,0
더벨 진격의 중견그룹 무차입 뚝심 권영열 화천그룹 회장의 자신감 원천은,0
더벨 진격의 중견그룹 공작기계 전문 화천그룹 한계 봉착 돌파구 찾을까,1
일신석재 578억 규모 인테리어공사 수주,0
일신석재 주가 급등 대규모 수주계약에 훨훨,1
건자재 기업 일신석재 보광산업 한일현대시멘트 전년 연간실적으로 희비,0
급등주 일신석재 6% 상승 북한 美 제재에 반발,1
일신석재 군사시설 보호구역 해제 소식에 강세,1
일신석재 오전 갑작스런 12% 급등 공매도 수량 51주,-1
일신석재 주가 15%↑ 김여정 말 한 마디에,1
특징주 일신석재 소폭 상승 남북 경협주,1
금호건설 화성 광주 고속도로 개통 연간 960억원 물류비 절감,0
특징주 일신석재 2% 상승 남북 통신연락선 10월 초 복원 전망,1
금호건설 신재생에너지 바이오가스 상용화 성공,0
일신석재 주가 3%↑ 정부 민간 대북지원사업에 100억 지원,1
금호건설 1분기 영업이익 272억원 주택 중심으로 안정적 이익 성장,0
금호건설 사내이사 서재환 반대 경영진 불법행위 감시 감독 의무 소홀,0
금호건설 화성 광주간 고속도로 개통,0
건설 부동산 1장 현대엔지니어링 현대건설 금호건설 외,0
제주 공공하수처리장 증설 탄력 GS 금호건설 입찰 경쟁 본격화,0
부동산정보 현대건설 등 10개사 100만 도시 화성시에서 분양 전쟁,0
제주 공공하수처리장 현대화사업 탄력 대형 건설업체 2곳 입찰,0
금호건설 주택 주도의 수익성 개선 추세 지속,0
마감종합기사 주식시장 3개 종목 상한가 JW중외제약 씨젠 신풍제약에 몰,0
이주의 주식은 실적발표 씨젠 상한가 나파모스타트 관련주 SK케미칼 급등,1
인터뷰 프로젝트 E TL에서 볼 수 없는 동양의 아름다움에 집중,0
윤석열 수혜주 노루홀딩스우 덕성우 삼부토건 동양 일제 상승 안철수와,1
단기과열종목 해제 코앞 동양우 유유제약1우 한양증권우 주가 하락,-1
7일 특징주 신풍제약우 등 3개 종목 상한가 윤석열 안철수 테마주 약세,-1
동양칼럼 청주오송역 이라 부르고 싶다,0
특징주 한양증권우 30% 상한가 1분기 이익 238% 증가,1
급등주 동양2우B 동양3우B 주가 급등세 윤석열 안철수 후보 단일화 주목,1
상한가 종목 흥아해운 한국주강 마감 뒤이어 유앤아이 선진뷰티사이언스 솔,0
특징주 한양증권우 14% 상승 부동산 PF 시장 공격 투자에 ROE 급상승,1
3일 수혜주 총정리 삼부토건 노루홀딩스우 한국선재 경남스틸 상승 윤석,1
상한가 종목 우리기술투자 사조씨푸드 상한가 마감 뒤이어 에이티넘인베스,0
코스피 단기과열종목 덕성우 크라운해태홀딩스우 등 줄하향세 최대 19 6,0
급등주 동양2우B 23% 강세 윤석열지지율 상승 관련주 부각,1
급등주 동양2우B 26% 강세 윤석열 보육시설 관련 공약발표,1
1월 21일 한양증권우 증권주식 9 430원 0 00%,0
한양증권우 001755 오후 12시 04분 기준 및 종목동정과 증시정보,0
급등주 동양우 동양2우B 동양3우B 상한가 윤석열 지지율 공개,1
1월 17일 한양증권우 증권주식 0 84% 9 490원,0
1월 24일 한양증권우 배당주식 0 00% 9 650원,0
1월 13일 한양증권우 주식종목검색 9 570원 0 00%,0
상장폐지 위기 기업 줄잇는데 거래재개 성공한 세기상사,0
특징주 세기상사 13%대 상승률 유지하며 장마감,1
세기상사 오는 18일 제65기 정기주주총회 개최,0
8일 상한가 총정리 세기상사 티플랙스 아이씨케이 케이씨티 상승 천연가,1
세기상사 횡보중 주가 후끈 외국인 매수우위 전환,1
국제약품 분당 제생병원에 마크스 손소독제 지원,1
특징주 세기상사 관리종목 지정해제 소식에 급등 후 상승폭 줄어,1
국제약품 스스력 이뮨 리패키지 출시,1
공정위 계열사 신고 누락 김상열 호반건설 회장 고발,0
국제약품 울진 삼척 산불 피해지역에 성금 등 전달,-1
김상열 호반건설 회장 총수일가 계열사 친족 누락 혐의로 고발,0
국제약품 효림산업 울진 삼척 산불 이재민에 구호물품 기부,0
코스피 3월 주가 급등 상위5 신풍제약우 신풍제약 진양산업 세기상사,1
국제약품 2021년 매출 1 197억원,0
코스피 장중 횡보 코스닥은 상승 한국석유 세기상사 네오크레마 급등,1
국제약품 작년 매출 영업익 모두 감소,0
주총 김재옥 동원 대표 미래 먹거리 발굴과 품질 경영 확립할 것,0
국제약품 최우수 사원 2명에 대형 SUV 포상,0
슈퍼주총주간 동원 김재옥 시장 움직이는 게임체인저 만들겠다,0
국제약품 주당 0 05주 배정 무상증자 결정,0
더벨 김재옥 동원F&B 대표 미래 혁신 위한 게임체인저 될 것,0
국제약품 무릎 어깨 관절 주위염 치료제 국제히알주 출시,1
사조산업 소액주주들 골프장 합병 추진한 이사진 잘라라,1
실적 흔들린 국제약품 리베이트 유죄 오너 3세 남태훈의 한숨,0
금값 된 연어 동원 신세계 자급자족 불붙는다,0
동원F&B 펫푸드 부문 매출 300억원 전년比 50%↑,1
동원산업 사조씨푸드 참치데이 세일 돌입,0
현대경영포럼 펫푸드산업 지속가능발전 포럼,0
주요 증시 동원산업 뉴지랩파마 한솔홀딩스 BYC 나이스정보통신,0
천안시 신사 일반산업단지 조성 본격화,0
삼성화재 손보업계 정보량 1위 호감도 흥국화재 잇따라 1위,0
김기환 KB손보대표 국내 8개 손해보험사 중 관심도 1위,0
더벨 보험경영분석 흥국화재 항공기 대체투자 손상차손 미미,0
삼성화재 최영무 대표 ESG경영 관심도 손보사 수장 중 1위,0
삼성화재 코로나19 정보량 톱 한화손보 관심도 유일 상승,1
최영무 삼성화재 대표 국내 손보사 ESG 경영 관심도 톱,0
삼성화재 소비자 관심도 톱 흥국화재 호감도 1위,0
민간기업 일자리 정보 코오롱글로벌 주 호텔에이치디씨 주식회사 흥국화,0
민간기업 일자리 정보 현대백화점 부광약품주식회사 주식회사 카카오 한,0
보험사 인보사 소송 삼성화재 현대해상 빠졌다,0
김민수의 잠금해제 실적 호조 & 저평가 에그플레이션 수혜 기대,0
국도화학 주당 2200원 배당 결정,0
국도화학 오는 18일 제50기 정기주주총회 개최,0
주요 공시 대원제약 국도화학 아세아제지 삼영전자공업 문배철강,0
저PER주 국도화학 작년 판매가 상승에 고성장 PER 3배,1
국도화학 지난해 영업익 2047억 전년비 344 8% ↑,1
국도화학 작년 연간 연결 영업익 2046억 전년비 344%↑,1
더벨 A 국도화학 회사채 오버부킹 증액 검토,0
더벨 국도화학 공모채 규모 축소 발행 전략 신중,0
국도화학 회사채 수요예측서 2배 이상 자금 받아,0
한국수출포장 주당 700원 현금배당 결정,0
주요 공시 두산중공업 엠로 서한 한국수출포장공업 가온전선,0
한국수출포장공업 1주당 600원 현금배당 결정,0
다음주 슈퍼주총 LG화학 전자 등 765개사 개최,0
2020 실적 한국수출포장 판매단가 인하 영업익 43%↓,-1
한국수출포장공업주식회사 사랑의 성금 3천만원 오산시에 기탁,0
다음주 슈퍼주총 LG화학 전자 등 765개사 개최,0
한국수출포장공업 주당 600원 현금 배당 결정,0
지난해 상장법인 122개사 상호변경,0
한국수출포장공업 허정훈 대표 자사주 4000주 취득,0
한국수출포장공업 지난해 영업이익 231억원 흑자전환,1
㈜ 한국항공조명 ㈜피투에스지글로벌 협약,0
한국수출포장공업 주당 600원 현금배당 배당률 3%,0
실적발표 신라에스지 글로벌에스엠 이스타코 동방선기,0
한국에스지증권 대표이사에 강준환 본부장 선임,0
액분앞둔 에스지글로벌 52주 신고가 경신,1
왕개미 김성진씨 에스지글로벌은 어려워,0
SG글로벌 주식회사에스지에셋외 4명 1 6% 지분증가,1
에스지에셋 에스지글로벌 지분 77 96%로 확대,1
SG글로벌 에스지에셋외 4명 1 6% 지분증가,1
미래아이앤지 6억원 규모 SWIFT 솔루션 업그레이드 물품 공급 계약,1
다음주 주주총회 SK 두산그룹 등 1546개 상장사 몰려,0
미래아이앤지 케이앤티1호사모투자합자사 주식 66억주 취득,0
미래아이앤지 하나은행과 6억 공급계약,1
부고 남궁견 미래아이앤지 회장 씨 부친상,0
미래아이앤지 NH농협과 소프트웨어 도입 계약 체결,1
특징주 미래아이앤지 4% 상승 이재명 지지율 상승,1
특징주 미래아이앤지 소폭 상승 영상콘텐츠 업무협약 체결,1
특징주 미래아이앤지 수협 국제금융시스템 계약 수주에 강세,1
미래아이앤지 1분기 영업이익 흑자 전환,1
일동제약 홀딩스 지속성장 기반 구축 위해 역량 집중할 것,0
일동제약 코로나19 치료제 임상 상용화에 역량 집중,0
급등주 일동홀딩스 21% 강세 먹는 코로나치료제 관련 부각,1
일동제약 일동홀딩스 정기 주주총회 개최,0
25일 상한가 총정리 일동제약 일동홀딩스 LG엔솔 알에스오토메이션 넷게임즈,0
오늘의 급등주 일동제약 알에스오토메이션 현대사료 넷게임즈 일동홀딩,1
일동바이오사이언스 태국에 프로바이오틱스 첫 수출,0
일동제약 히알루론산 필러 히알이브 출시,1
일동홀딩스 수년째 적자에도 주주 친화 정책 이어간다,-1
특징주 신풍 일동제약 코로나 치료제 임상 소식에 동반 강세,1
강남제비스코 주당 500원 결산배당 결정,0
다음주 주주총회 SK 두산그룹 등 1546개 상장사 몰려,0
더벨 재무 모범생 강남제비스코 2000억 자산매각 왜,0
강남제비스코 조계종 사회복지재단 마스크 1만5000장 후원,0
강남제비스코 안양공장 매각에 자산주 부각 주가↑,1
불어나는 적자 강남제비스코 내년엔 활로 찾을까,-1
강남제비스코 2022년의 컬러 브라이드 핑크 선정,1
강남제비스코 사내 공모전 수상작 소재 캘린더 배포,1
강남제비스코 플라스틱 화학물질 없는 병뚜껑용 도료 개발 국내 첫 개발로,0
강남제비스코 친환경 내면용 제관도료 개발 말레이 수출 제품 적용,0
NH證 삼성SDI 주가만 빠졌을 뿐 업황은 견조,0
삼성SDI 전기차 배터리 수익성 개선 실적 성장,0
삼성SDI 낮아진 눈높이 넘을 양호한 실적 기대 NH,0
삼성SDI 전년 동기 대비 큰 폭 성장,0
클릭 e종목 삼성SDI 1Q 큰 폭 성장 영업익 113% 증가 예상,1
삼성SDI 2%대 상승세 주가 상승 트리거 충분,1
삼성SDI 원자재 가격 상승 리스크 크지 않아,1
유영화의 잠금해제 주가는 펀더멘털을 따라간다 기대되는 리오프,0
더밸류 리서치 삼성SDI 최근 1주일간 목표주가 괴리율 1위 2위도 삼성SDI,0
단독 LG엔솔 삼성SDI SK온 中리릭로봇 배터리 생산장비 도입 추진,1
특징주 하이트진로 하이트진로홀딩스 거리두기 완화 주류 가격 인상에 주,0
특징주 하이트진로홀딩스 하이트진로2우B 급등 1분기 매출 급증,1
저가근접 이스트아시아홀딩스 헝셩그룹 동화약품 메리츠화재 하이트진로,0
24일 오후 특징주 선익시스템 등 3종목 상한가‧노루홀딩스우‧삼성스펙2호,0
하이트진로 참이슬 가격 인상에 롯데칠성 처음처럼 인상 검토 중,0
하이트진로 블랙보리 미국진출에 강세 하이트진로2우B 롯데칠성 하이트진,1
하이트진로2우B 2 43% VI 발동,0
하이트진로2우B 3 90% 상승폭 확대,1
하이트진로2우B 7 14% 상승폭 확대,1
하이트진로2우B 2 24% 상승폭 확대,1
유창희 대한방직 부지 개발 연계 유스호스텔 건립 추진 공약,1
서윤근 전주 옛 대한방직 부지 지자체 매입 공약,0
유창희 유스호스텔 건립 세계 명품 관광도시 조성,0
B tv 전주뉴스 선택 6 1 격전 이슈 전주시 옛 대한방직 개발② 개발 찬 반,0
그림만 있으면 예산 얼마든지 우범기가 그린 전주는,0
뜨거운 감자 전주 대한방직 터 개발방안 후보자들 각양각색,0
대한방직 부지 개발 민선8기로 넘기나⋯조기 추진 목소리,1
조지훈 대한방직 터에 디지털 디즈니랜드 조성,0
Btv 전주뉴스 옛 대한방직 부지 개발 현 시장 임기 내 진척 돼야,0
우범기 전주시장 출마예정자 대한방직 부지 호남 랜드마크 개발,0
삼익악기 신학기 맞이 디지털 피아노 할인 진행,0
실적점검 삼익악기 21 4Q 영업이익 62억원 PER 6 5배,0
삼익악기X11번가 신학기 맞이 긴급공수 행사 진행,0
삼익악기 20일 주주총회 개최,0
삼익악기 직영점 디지털피아노 정기세일,0
부고 이희동 전 삼익악기 노조위원장 모친상,0
삼익문화재단 다문화 이공계 대학생에 장학금 지급,0
삼익악기 지난해 영업이익 357억 전년비 77 1%↑,1
삼익악기 자일러 그란디토 자동연주 피아노 출시,1
동탄롯데백화점 디지털피아노 정기세일 최대 50% 할인,0
업앤다운 건설주 하락 금호건설 우 ↑ HDC현대산업개발↓,-1
주간 건설 업종 리포트 6월 1주차 태영건설우 금호산업우 신세계건설 신,0
주간 건설 업종 리포트 6월 1주차 태영건설우 금호산업우 신세계건설 신,0
업앤다운 건설주 상승 신세계건설 ↑ 동부건설 우 ↓,-1
업앤다운 건설주 하락 범양건영↑ 금호건설 ↓,-1
오후 포털사이트 상위 검색 순위 건설주 전성기 대거 상한가 달성 금호건설,0
7일 특징주 우선주 급등 태영건설우 금호건설우 특수건설 등 11개 상한,1
마감 LG화학 CS 매도보고서에 급락 아시아나항공 금호건설 강세,-1
8일 상한가 총정리 한전산업 두산2우B 영화테크 쎄미시스코 원전 자,0
7일 오늘의 특징주 특수건설 금호건설 동부건설 태영건설 남광토건 건,0
주식 흥국화재 정치테마주 장 초 29% 상승 상한가 달성에 이목 집중,1
7일 특징주 신풍제약우 등 3개 종목 상한가 윤석열 안철수 테마주 약세,-1
KT 흥국화재 IoT 기반 운전습관 연계 보험상품 공동개발 협력 체결,1
알짜재벌 오너家 공익재단 사유화 본말전도 논란,0
14일,0
화승인더스트리 주당 188원 현금배당,0
12일 증시일정,0
윤석열 수혜주 노루홀딩스우 덕성우 삼부토건 동양 일제 상승 안철수와,1
오늘의 급락주 큐로홀딩스 동양3우B 다이나믹디자인 화성산업 이스트아,-1
오늘의 급락주 에스티큐브 큐라클 퓨런티어 동양3우B 바이오에프디엔씨,-1
화승인더스트리 50억 규모 자사주 취득 주주가치 제고,0
재계 세대교체 속도 1970년 이후 출생 회장 부회장 만 50명,0
6일 주요 공시 화승인더스트리 한화생명 티에스아이,0
급등주 동양2우B 동양3우B 주가 급등세 윤석열 안철수 후보 단일화 주목,1
오늘의 급락주 동양3우B 바이오에프디엔씨 지엔원에너지 바이오리더스,-1
연매출 1조 클럽 화승인더스트리 합류 부울경 15곳으로 늘었다,0
상한가 종목 흥아해운 한국주강 마감 뒤이어 유앤아이 선진뷰티사이언스 솔,0
씨에스윈드 화승인더 자사주 매입 공시후 소폭 하락,-1
3일 수혜주 총정리 삼부토건 노루홀딩스우 한국선재 경남스틸 상승 윤석,1
화승인더스트리 특별관계자 지분변동,0
화승인더스트리 주식 매수의견 유지 고가제품 위주 신규주문 늘어,1
급등주 동양3우B 20% 강세 윤석열 안철수와 단일화 가능성 시사,1
급등주 동양3우B 16% 강세 윤석열 지지율 여파,1
화승엔터 화승인더스트리 3분기 영업이익 증가 고부가가치 제품 전환,1
화승인더스트리 주당 45원 현금배당 결정,0
사조산업 소액주주들 골프장 합병 추진한 이사진 잘라라,1
다음주 슈퍼주총 SK 두산그룹 등 1546개 상장사 몰려,0
동성제약 자체 개발 광과민제 포노젠 임상시험계획 제출,0
지난해 상장법인 122개사 상호변경,0
쿠키인터뷰 다이나믹스 리치 이재원 왕호의 노예 될래요,0
주지홍 개인 회사에 일감 그만 줘라 주주발언 계속된 사조산업 주총,0
SHD 주당 100원 현금배당 결정,0
주식농부 박영옥 사조산업 삼양식품 본받아야,0
사조오양 소액주주 감사위원 선임 표대결 승리 이사회 견제한다,0
SHD 지난해 영업익 55억 전년비 2861 3% ↑,1
사조오양 소액주주의 뜻깊은 승리 기어코 열린 사조그룹의 문,0
싸이코다이나믹스 사이비 종교 2 사이비 종교는 어떻게 정상인을 바보로 만드,0
차파트너스운용 사조오양 거버넌스 개선 방안 공개 제안,0
그리핀 샌드박스 강등 위기 옛말된 승격팀 신화,0
D 7 격변의 케스파컵 알고 보면 재밌을 관전 포인트 3개,0
소액주주와 갈등 사조그룹 경영권 압박에 상장폐지 주장도,0
글로벌 Biz 리더 생사 갈림길에서 후지필름 재건 샐러리맨 신화를 쓰다,0
보락 주당 5원 현금배당,0
종합,0
다음주 슈퍼주총 LG화학 전자 등 765개사 개최,0
수산 수혜주 한성기업 사조씨푸드 주가 하락세 동원수산 나홀로 강세,-1
보락 지난해 영업이익 17억원 전년 대비 1072%↑,1
보락 지난해 영업익 17억 전년비 1072 3% ↑,1
동성제약 이지엔 가수 태연 브랜드 글로벌 모델 발탁,0
차파트너스 사조오양에 아예 자발적 상장폐지 요구한 까닭,0
코닥어패럴 화보 장인 정해인 B컷 공개,0
보락 작년 연간 영업익 16억 전년 동기 1억,0
보락 3Q 영업이익 4억 흑자전환,1
주요 증시 보락 에스트래픽 S Oil 서울도시가스 티에스이,0
보락 주가 5%↑ 2Q 영업익 9억 흑자 전환,1
보락 오후 갑작스런 8% 급등 공매도 수량 22주로 줄어들어,-1
특징주 보락 4% 상승 LG그룹 관련주,1
부고 동성제약 이양구 대표이사 모친상,0
부고 이양구 동성제약 대표 씨 모친상,0
유가증권시장 주총 현황 28일 키움증권 29일 두산 30일 SK하이닉스 31일,0
동성제약 2021년 매출 844억원 전년비 3 9%↓,-1
한국앤컴퍼니 2021 GM 올해의 우수 공급업체 선정,1
코스피 의약품 종목 살펴보니 동성제약 1 65%↑ 한독 1 16%↑,1
조현범 회장 작년 한국앤컴퍼니 보수 15억,0
동성제약 이지엔 브랜드 뮤즈로 가수 태연 선정,1
조현범 한국앤컴퍼니 회장 지난해 연봉 15억 수령,0
동성제약 이양구 대표이사 모친상,0
던전앤파이터 모바일 출시 첫날 이용자 100만 명 넥슨 자체 신기록 경,1
제약업계 주총 슈퍼위크 오너 3세 경영권 승계 주목,0
조현범 한국앤컴퍼니그룹 회장 강호찬 넥센 부회장 타이어업계 연봉 1 2위,0
조현범 한국앤컴퍼니회장의 재선임 반대 실형 이력에 과다 겸직,0
박보라의 Play the Stage 19 뮤지컬 지킬앤하이드,0
동해안 산불 한국앤컴퍼니 성금 2억원 기부,0
스타톡 지킬 앤 하이드 최수진 엠마도 인간인데 충분히 표현하고 싶었죠,0
한국앤컴퍼니 산불 피해 지역에 성금 2억원 기부,-1
F&F홀딩스 산불 피해 울진 삼척 돕기 희망브리지 2억 쾌척,-1
에프앤에프 200억 규모 자기주식취득 신탁계약 체결,1
위클리거버넌스 에프앤에프홀딩스・SK케미칼 구조개편,0
F&F홀딩스 자회사 에프앤에프로지스틱스 흡수합병 결정,0
Invest 테일러메이드 효과 에프앤에프 주가 급등 일반주주 공개매수 불,1
한신평 에프앤에프 신용등급 A2 부여,0
F&F홀딩스 자회사 에프앤에프로지스틱스 흡수합병,0
에프앤에프 21일 코스피 분할 재상장 예정,0
F&F 최대주주 주 에프앤에프홀딩스 변경‥지분율 30 54%,0
에프앤에프 지난해 영업익 19% 줄어든 1226억 매출도 8%↓,-1
한화 김승연 회장 펜스 전 美 부통령과 만난 까닭은,0
한화시스템 기업지배구조헌장 공표,0
다음주 슈퍼주총 SK 두산그룹 등 1546개 상장사 몰려,0
한화테크윈 미국 최대 보안전시회 참가 AI 카메라 기술 선봬,0
공정위 입찰담합 케이지케미칼 코솔텍에 과징금 부과,0
한화시스템 중앙방공통제소 첨단화 방사청과 1800억 계약,0
바이젠셀 최고재무책임자에 김경묵 前케이지케미칼 대표,1
김승연 한화그룹 회장 펜스 전 美 부통령과 만나 국제정세 논의,0
김승연 한화그룹 회장 마이크 펜스 전 미 부통령과 오찬,0
KG케미칼 등 수자원공사 입찰서 담합 과징금 2 4억,0
한화그룹 美 폴리실리콘 생산기업 REC실리콘 최대주주 올라,0
한화 포레나 미아 내달 청약,0
케이지케미칼 차량용 요소수 녹스 k 출시,1
KG케미칼 주식회사 케이지 흡수합병 결정,0
사진 한화 선발 킹험 혼신의 역투,0
한화 호투 홈런의 조합으로 3 0 완벽한 승리 포토,0
경향포토 철탑산업훈장 수여 받는 곽재선 케이지케미칼 회장,0
케이지케미칼 자사주 4만주 처분,-1
이승철 전 전경련 부회장 KG케미칼 사외이사 영입,0
국내 최초 비료회사 KG케미칼 파업 장기화,0
단독 LG에너지솔루션 원통형 배터리 출하량 세계 2위 달성 삼성SDI 첫,0
유가증권시장 월간동향 외국인 3월 삼성엔지니어링 순매수 1위,1
유가증권시장 월간동향 개인투자자 3월 삼성전자 2조원 이상 순매수,1
유가증권시장 월간동향 개인투자자 3월 들어 삼성전자 1조8000억 순매수,1
유가증권시장 월간동향 외국인 3월 중 HMM 사고 삼성전자 팔고,0
증시 돋보기 개인 순매수 1위 삼성전자 전쟁공포 에 우량주 담아,1
시황 코스피 개인 방어 끝에 보합세 마감 2720선 종료,0
유가증권시장 월간동향 개인투자자 3월 순매수 1위는 삼성전자 4125억,1
코스피 러 우 2차회담 기대감에 1%대 급등 2740선 마감,1
시황 코스피 기관 외인 이틀째 매도 2720선 보합권 마감,0
만호제강 32억원어치 자사주 취득,0
실적점검 만호제강 3Q 영업이익 17억원 PER 32 4배,0
만호제강 주당 200원 현금 배당 6억 규모,0
만호제강 지난해 영업이익 13억원 전년比 흑자전환,1
6월 결산법인 만호제강 주당 200원 결산배당 시가배당률 0 9%,0
오늘의 증시 진에어 세화피앤씨 만호제강 등,0
강세업종 철제 중소형株 거래 급증 만호제강 3배↑,1
양산 유산산단 내 만호제강 인근 사면 무너지면서 도로 덮쳐,0
위클리 거버넌스 현대차・만호제강・중부발전,0
52주 최고가 만호제강 상한가 25개 종목 장중 신고가,1
유한양행 미용기기 시장 본격 진출 플로리스 론칭,0
유한양행 전진바이오팜과 차세대 생활용품 만든다,0
바이오제약 오늘 유한양행 글로벌 뷰티 디바이스 플로리스 출시 外,1
유한양행 전진바이오팜 생활용품 개발 판매 맞손,0
제약 단신 유한양행 한미약품 JW중외제약,0
유한양행 천연 소재 생활용품 기업 전진바이오팜과 MOU,0
유한양행 지난해 R&D 규모 축소됐다 전년比 20% 감소,0
유한양행 폐암치료제 美에 기술수출 성과 R&D 중심 글로벌 제약사로 도약,0
유한양행 동해안 산불 피해 이재민에 구호물품 지원,-1
속보 머크 MSD 먹는 치료제 라게브리오 유통은 유한양행이 맡아,0
특징주 화성산업 800억원 자사주 취득 결정에 20%대 급등,1
화성산업㈜ 경영권분쟁 이종원 신임 회장 주도권 잡아,0
법원 31일 화성산업 주총 의장권 이종원 대표에게,0
경영권 분쟁 화성산업 주가 석달새 180% 쑥,0
화성산업 경영권 다툼 진흙탕 싸움,0
화성산업 경영권 둘러싼 법적 분쟁 본격화 法 이종원 대표이사 회장 지위 인,0
대구지법 화성산업 이종원 회장 지위 인정,0
더벨 화성산업의 표 대결 5%룰 위반 법원 판단에 달렸다,0
이홍중 화성산업 회장 이사회 정상화 위한 신임 이사 선임 필요성 강조,0
800억원 자사주 취득 소식에 화성산업 강세,1
사조오양 소액주주 감사위원 선임 표대결 승리 이사회 견제한다,0
사조오양 소액주주의 뜻깊은 승리 기어코 열린 사조그룹의 문,0
사조산업 이어 사조오양도 주주 갈등 차파트너스 사조오양 배당 늘려라,0
시끌벅적 대기업 주총 대해부,0
차파트너스 사조오양에 아예 자발적 상장폐지 요구한 까닭,0
한샘에도 사조오양에도 감사위원 두탕 뛰려는 교수 주주행동 민낯,0
3월 주총에 분노의 후폭풍 쪼개기 상장 쪼개기 인수 반발,0
부광약품 유희원 대표 사내이사 재선임,0
소액주주와 갈등 사조그룹 경영권 압박에 상장폐지 주장도,0
주총 유희원 부광약품 사장 OCI와 공동경영으로 더 큰 혁신 만들 것,0
행동주의 사모펀드 타깃 된 사조오양 주총서 표 대결,0
부광약품 유희원 연임 이우현 합류 OCI와 공동으로 연매출 2000억원 돌,0
주주권 실력행사 하겠다 토비스 사조오양 한샘 겨눈 PEF들,0
부광약품 2021년 매출 1 825억 전년비 7 6%↑,1
R&D위해 최대주주도 내준다 제약바이오기업들 성장 사활,0
부광약품 전립선암 치료제 SOL 804 임상1상 완료,0
부광약품 알래스칸 알티지 레드오메가3 출시,1
OCI 부광약품 전격 인수 바이오 제약사업 과감한 베팅,0
품절 품절 감기약 대란에 제약 주가는 콧노래,0
새 투자자 유치로 활로 찾는 K 바이오,0
사 벽산전통서각협회 정형준 회장 목포시에 문화도시 지정 기념 작품 기증,0
성동구도 리모델링 금호벽산 안전진단 통과,0
금천구 시흥2동 금동초교 관악벽산타운아파트 잇는 보행덱 설치 추진,1
단독 알고도 모른 체 신세계건설 광주오포물류센터 불법 재하도급 실태,0
공정한 경쟁 건설강국을 만듭니다 150억원 규모 수출용 신형연구로 건설사,0
강북 알짜 입지 마포 성동구에 리모델링 단지 줄잇는다,0
강북 주요입지 리모델링 속도 한강변 서강GS 밤섬현대 안전진단 통과,0
특징주 벽산 서울시 한강변 35층 룰 전격 폐지 일상생활공간 전면 개편,0
벽산 샌드위치패널 안전 규제에 수요 증가 예상,1
손떼도 벽산부르면 돼 신세계건설 불법 재하도급 공모 정황,0
특징주 코리아써키트 주가 강세 밝은 전망에 기대↑,1
다음주 슈퍼주총 LG화학 전자 등 765개사 개최,0
클릭 e종목 코리아써키트 1분기 영업익 추정치 상회 호실적 지속,0
디아이동일 주당 0 025주 주식배당,0
특징주 코리아써키트 호실적 기대감 신고가 경신,1
2월 21일 워크넷 채용정보 현대글로비스 삼표 디아이동일 예스이십사 현,0
다음주 슈퍼주총 LG화학 전자 등 765개사 개최,0
코리아써키트 목표주가 3 6만→4 3만 유안타,0
한섬칼럼 주총 시즌 MZ 세대를 투자자로,0
산림복지진흥원장 유엔글로벌콤팩트 BIS 반부패 서약식 참여,0
4月 씨에스홀딩스 등 21社 9200만주 보호예수 해제,0
26일은 슈퍼 주총 데이 첨예한 표대결 예상에 투자자들 관심,0
국내 부품 업계 주총통해 신사업 추진 가속,1
더벨 2차전지 날개 단 알루미늄 DI동일 장남 승계 공식 따르나,0
울산교육청 정보산업진흥원 기업 직업계고 AI 인재양성 협약,0
울산시 신기술 창업 활성화 민간지원사업 참여기업 모집,1
배당뉴스 디아이동일 주당 0 025주 주식 배당,0
ET라씨로 디오 인수한 서울리거 이틀째 상한가 오늘의 장마감 특징주,0
삼성전자 등 484개사 3월 넷째주에 정기주총 개최,0
이데일리 오늘의 경제일정 슈퍼주총데이,0
산림복지진흥원 청렴한 공직사회 구현에 앞장,0
3월23 28일 주주총회 개최 기업 목록,0
유가증권시장 공시 디아이동일 현대차,0
코로나19로 주총 전자투표제 대거 채택 정족수 부족 해결될까,0
코리아써키트 올해 최고 실적 달성 전망 목표가↑ 대신증권,1
22일 슈퍼주총 데이 662개사 주총 개최,0
진흥기업㈜ 공동모금회에 성금 기탁,0
이번주 765사 정기주총 개최,0
디아이동일 작년 영업익 260억 전년比 49%↑,1
지난해 상장사 상호변경 123사 영문변경 여전,0
코리아써키트 목표주가 상향 조정,0
진흥기업 주 산불피해 지원성금 200만원 기탁,-1
탄소나노협회 탄소나노 진흥 기업 지원 중점 추진,1
더벨 2차전지 날개 단 알루미늄 DI동일 알짜 자회사 증산 플랜 덕 봤다,0
투달봇 16일 08 30 개장 전 리포트 브리핑 대원제약 코리아써키트 현대위,0
코리아써키트 작년 연간 연결 영업익 851억 기대치 부합,0
DI동일 31일 36만 원대 오가며 기대주 급부상,0
경상북도 제품 디자인 브랜드 개발 지원 참여 중소기업 모집,1
전라북도 농생명 바이오 식품 기업지원시책 총람 자료발간 배포,1
조계종 사람과사회적경제와 MOU 사회적기업 판로 지원,1
알루코 배터리 사업 확장 포석 CB BW 한도 2배 상향 추진,1
박도봉 알루코 회장 2017년 매입한 성북동 자택 재건축 완공 코앞,0
브랜드평판 비철금속 상장기업 순위 1위 고려아연 2위 알루코 3위 티플랙스,0
비철금속 상장기업 3월 브랜드평판 고려아연 알루코 티플랙스 順,0
알루코 주가 6%↑ 러시아 때문에 상승세,1
특징주 알루미늄 가격 사상 최고치 알루코 강세,1
다음주 슈퍼주총 SK 두산그룹 등 1546개 상장사 몰려,0
급등주 알루코 7% 상승 러시아 알루미늄 공급 차질 우려,-1
치솟는 알루미늄 가격 알루코 남선알미우 급등,1
여의도 주식왕 2부 일동제약 vs 크래프톤 vs 알루코 여의도를 달굴 종목은,0
태원물산 주당 55원 현금배당 결정,0
태원물산 석고사업 부문 영업정지 결정,0
특징주 태원물산 5% 상승 미국 자동차 자동차부품 생산 가속,1
오후 거래 급증주 점검 태원물산 거래량↑ 그 외 종목은,1
특징주 태원물산 주가 가파른 상승 매출액 적자 전환,-1
태원물산 주가 17%↑ 비료주 남해화학 KG케미칼 조비는,1
시간외 거래 특징주 태원물산 감성코퍼레이션 상한가 어떤 이슈 있나,0
실적발표 엠에스씨 미래산업 잇츠한불 태원물산,0
이종목 버핏이라면 안철수 테마주 아니라는데도 태원물산 급등세,1
태원물산 오전 갑작스런 상한가 52주 최고가 경신,1
우크라 폭격에 전력난 우려까지 철강株 몸값 뛴다,-1
철강株 줄줄이 상한가 해외 철강 기업 악재에 반사 이익 기대,0
한일철강 주가 급등 유럽 최대 철강공장 파괴되나,1
한일철강 오전 주가 상승세 러시아 때문,1
엄채윤 전무도 사내이사로 한일철강 3세 시대 박차,0
박스피에도 해답 있다 철강 로봇株 주목,0
23일 수혜주 총정리 하이스틸 부국철강 써니전자 안랩 상승 철강 안철,1
코스피 2730선 위로 철강 은행주 나란히 급등,1
한일철강 보통주당 50원 현금배당,0
한일철강 보통주 1주당 50월 배당 결정 총 12억원 규모,0
인스코비 바이오마커 활용 암진단 기술 신기술 인증 획득,0
인스코비 4거래일만에 1% 낙폭 공매도 수량 581주,-1
인스코비 관계사 건설사업 순항 올해 신규 수주 확대 주력,1
인스코비 자사몰 인스코비뷰티랩 론칭 판매채널 확대,1
e종목 인스코비 이재명 안철수 탈모 공약에 미 중 탈모치료제 특허 부각,0
인스코비 바이오메디카 세럼 5일 롯데홈쇼핑서 새해 첫 방송 출격,0
인스코비 더미코스 FGF7 파워 인텐스 크림 28일 설 맞이 CJ온스타일 방송,0
인스코비 안티에이징 케어 바이오메디카 세럼 롯데홈쇼핑 진행,0
인스코비 더미코스 FGF7 아웃도어 패치&마스크 출시,1
인스코비 中위챗 내 붉은낙타 에 브랜드 4종 입점,0
LX인터내셔널 친환경 분야 신규 수익원 육성 흔들림 없이 추진 종합,1
구본준 라인 하현회 LX인터내셔널 상근고문 맡다,0
LX인터내셔널 친환경 분야 육성,0
클릭 e종목 LX인터내셔널 실적 견고 원자재 운임 상승 영향,1
LX인터내셔널 팜오일 강세 실적 컨센서스 상회 기대,1
오늘의 인사 人事 만사 萬事 현대자동차 SKC LX인터내셔널 미래에셋증권,0
구본준 LX 회장 지난해 보수 28억7300만원 수령,0
원자재 뛰자 종합상사주 강세 LX인터내셔널 7%대 상승,1
호실적 기대감 종합상사株 질주,0
특징주 LX인터 포스코인터 원자재 상승 수혜에 강세,1
기아 25년 만에 국내 공장 짓는다 미래 먹거리 공략,0
기아 25년 만에 국내 공장 짓는다 미래 먹거리 과감한 투자,0
기아 EV라인업 활용해 국내 자동차 브랜드 첫 NFT 발행,0
기아 NFT 6개 발행 국내 완성차 제조사로는 처음,0
기아 타이거즈 디아도라 유니폼 입고 뛴다,0
기아 국내 車 브랜드 최초 NFT 발행 기아 EV NFT 6개 작품,0
단독 싹 다 바꿨다 기아 中 사명 둥펑위에다 떼고 기아 로 변경,0
PBV 시장 선점 새 공장 짓는 기아,0
NFT 뛰어드는 완성차 업체들 기아 국내 최초 진입,0
기아 담원기아 성적에 연동한 스노우볼 기부 캠페인,0
러 우發 글로벌 에너지 전쟁으로 신재생 에너지 ETF 함박웃음,1
하주석 5번 김태연 4번 한화 개막 앞두고 다양한 타선 실험 중 고척라인업,0
급등주 한화솔루션우 29% 상한가 NH투자 실적호조 전망,1
한화 친환경 ESG 기반 우주 그린 신사업 본격 출격,0
눈에 띄는 퍼포먼스 보여주는 투수 있다면 한화 마무리 경쟁 아직 안 끝,0
러 우 사태 놀란 EU 신재생 시간표 당긴다 韓 태양광 풍력 기대,0
한화솔루션우 주가 29%↑ 한화 호실적 기록 소식에 초강세,1
한화 거포유망주 이성원 홈런소식으로 캠프 오픈,0
2일 상한가 총정리 한화솔루션우 한성기업 네오크레마 카이노스메드 상승,1
LIG넥스원 한화에어로스페이스 강세 지속 러 우 전쟁 악화 K 방산 기,1
유한양행 미용기기 시장 본격 진출 플로리스 론칭,0
봄 봄 봄 무위사 강진다원 백운동 원림 손짓,0
바이오제약 오늘 유한양행 글로벌 뷰티 디바이스 플로리스 출시 外,1
imazine 봄이 오는 길목 ③ 겨울 문지방 너머 온 햇살 따라 보길도,0
유한양행 폐암치료제 美에 기술수출 성과 R&D 중심 글로벌 제약사로 도약,0
원림 29일 주총 보통주 250원 현금배당,0
전통제약사 매출 1위 유한양행 2조원대 넘본다,0
원림 작년 영업이익 41% 감소한 31억원,0
100대기업 업종별 ESG평가 ➅제약 바이오 한미약품 전 부문 우수 1위,0
코스피 유한양행‧쌍용C&E‧SK하이닉스 은행 순매수 TOP3,1
원림 지난해 영업익 32억 전년비 41 1% ↓,-1
유한양행 지난해 매출 1조6878억원을 기록,0
호박덩쿨홀딩스 한국기업 최초 캄보디아서 로또사업 개시,0
셀트리온 유한양행 삼바 2조 클럽 넘본다,0
강진 백운동원림 활성화 맞손,0
단신브리핑 전남관광재단 강진군 백운동원림 활성화 외,0
유한양행 골프 국가대표 상비군 출신 김민주 이연서 후원,0
다음주 주주총회 SK 두산그룹 등 1546개 상장사 몰려,0
이BIO 종근당 유한양행 동화약품 차병원 외,0
예향 문향 의향 대나무숲 담양을 거닐다 서문,0
스타일크루 메가 유튜버 혜인 과 유니크한 콜라보 진행,0
혜인 주당 130원 현금배당 결정,0
신동엽 유기견 입양 후 일상 공개 동물농장,0
패션 유튜버가 제안하는 이번 봄 필수 트렌드 아이템,0
혜인 주가 6%↑ 급상승 이유는,1
강세주 혜인 8% 상승 이틀 연속 상승,1
혜인 주가 6%↑ 삼강엠앤티와 581억 규모 공급계약 체결,1
주 혜인 삼강엠앤티 주 와 총 581억원 규모 해경경비함 엔진 감속기 공급계,1
혜인 삼강엠앤티와 581억 원 규모 공급계약 체결,1
동물농장 견주 머리채 물어뜯는 꽁지‥ 사랑 확인하는 행동 이찬종 조,0
특징주 삼아알미늄 러시아 우크라 사태 속 알루미늄 가격 상승 주가 관심,1
특징주 러시아 경제제재 우려에 삼아알미늄 하루종일 강세 왜,-1
특징주 삼아알미늄 우크라이나 사태 알루미늄 값 14년래 최고치에 강세,1
삼아알미늄 우크라이나 사태 관련 원자재값 폭등 우려에 상승세,-1
삼아알미늄 이차전지 소재주로 변신 밸류에이션 재평가의 여정,0
삼아알미늄 작년 연간 연결 영업익 155억 전년비 110%↑,1
특징주 삼아알미늄 3% 상승 알루미늄 가격 3000달러 육박 전망,1
삼아알미늄 주가 훨훨 알루미늄 가격 치솟나,0
삼아알미늄 주 오염물질 최소화 온실가스 저감 스마트생태공장 구축,0
1월 24일 워크넷 채용정보 신용보증재단중앙회 삼아알미늄 푸본현대생명,0
수정 한국특강 25일 주총,0
다음주 슈퍼주총 SK 두산그룹 등 1546개 상장사 몰려,0
한국특강 영업이익 순이익 세 자릿수 증가,1
한국특강 지난해 영업이익 399억원 전년比 448 9%↑,1
한국특강 지난해 영업익 400억 원 전년比 449%↑,1
기업지배구조원 ESG 등급위원회 개최 오스템임플란트 하림지주 한국특강,0
공시 한국특강 지난해 영업이익 400억 시현,0
한국특강 오스템임플란트 ESG 등급 C,0
한국특강 작년 연간 영업익 399억 전년비 448%↑,1
KG동부제철 한국특강 전환사채 매입 유관사업 외연 확장,0
SKT 파트너 조비 美 FAA 무인항공기 표준인증 눈앞,0
조비 주가 약세 러 우 사태에 식량가는 오름세,-1
조비 주가 13%↑ 밀 가격 때문,1
조비 고품질 고추재배 적합 비료 땅조아 뉴트리세이브 추천,0
비료 곡물 수혜주 대동기어 조비 고려산업 주가 일제히 강세,1
특징주 조비주가 러시아 우크라 관련 때문일까 관심↑,1
효성오앤비 조비 등 비료주 장중 주가 급등 무슨 일,1
4일 상한가 총정리 효성오앤비 조비 HMM 상승 비료 곡물 해운주 관련,1
오전 거래 급증주 점검 조비 거래량↑ 그 외 종목은,1
존 본 조비 오늘 환갑 CNN 로커이자 자선사업가,0
더벨 고려용접봉 계열 코리아오메가 지배구조 3세 중심 재편,0
대한제당 강승우 대표 체제로 전환,0
고려제강 지난해 영업익 전년比 898%↑ 주가 훨훨,1
대한제당 보통주 110원 우선주 115원 결산배당 결정,0
동아쏘시오홀딩스 2022 BIS 서밋 서 반부패 서약 동참,0
주요 공시 금호에이치티 KG ETS 크라운제과 엘앤케이바이오 고려제강,0
CJ제일제당 식품사 브랜드평판 1위 오리온 오뚜기 순,0
동아쏘시오홀딩스 BIS Summit 2022 반부패 서약 동참,0
고려제강 황태자 절묘한 증여 타이밍,0
사료사업 물적분할 대한제당 경영 효율화 분수령 촉각,0
클릭 e종목 동아쏘시오홀딩스 동아제약 에스티젠바이오 성장 기대,0
지배구조 고려제강 최대주주 오른 홍석표 사장 승계자금 비밀은 2000% 배당,0
IB토마토 크레딧시그널 대한제당 원재료 상승 여파 수익성 타격 전망,-1
동아쏘시오가 투자한 美오릭 파마 임상 실패로 급락,-1
고려제강 오너일가의 주가 활용법 3세 지분 승계 마침표,0
특징주 동아쏘시오홀딩스 주가↑ 감기약 대란에 정부 상비약 공급량 늘릴,1
IB토마토 대한제당 물적분할 비수익 사업부 정리 신호탄 되나,0
지배구조 폭락장에 주식증여 고려제강‥최대주주 아버지서 아들로 ①,0
울진 산불 피해 주민 위로해준 동아쏘시오그룹 봉사약국 트럭,-1
공시줍줍 주주들이 좋아할 물적분할도 있다 feat 대한제당,0
고려제강 4분기 실적 3분기와 비슷 내년은 올해보다 상승할 것으로 기대,1
동아쏘시오그룹 신입사원 조기 정착 지원,1
사료 사업 물적 분할하는 대한제당 지배구조에 변화생기나,0
고려제강 홍영철 사장 최대주주 등극,0
동아쏘시오홀딩스 디엠바이오→ 에스티젠바이오 사명변경 글로벌 CDM,0
고려제강 이웃위해 400만원 쾌척,0
대한제당 국내 사료사업부문 물적분할 의결,0
동아쏘시오홀딩스 조기상환옵션 사모채 발행,0
대한제당 국내 사료사업 물적분할 주력사업 경쟁력 강화,0
동아쏘시오홀딩스 실속 넘치는 제약 지주사,0
곰표 맥주 직접 만드나 주류 아이스크림 등 42개 신사업 내세운 대한제분,0
식음료업계 코로나 장기화 속 주총 키워드는 미래 먹거리,0
대한제분 주총 안건에 사업목적 42개 추가 해태제과 SPC삼립도 신사업 드라,0
대한제분 보통주 1주당 2500원 현금 배당,0
특별 세무조사 받은 대한제분 내부거래 도마 오르나,0
국내 밀가루 사료 값 폭등 조짐 러시아발 식량대란 현실화할까,1
밀가루 회사가 의약품 진출 너도나도 사업목적 추가,0
꺾일 줄 알았는데 우크라 사태에 밀가루값 요동 하반기 또 오르나,0
대한제분 작년 영업익 249억원 전년比 9% ↑,1
전시상황 줄줄이 걸어잠그는 밀 수출국 국내 식품업계 어쩌나,0
다음주 슈퍼주총 SK 두산그룹 등 1546개 상장사 몰려,0
대유위니아그룹 종합R&D센터 준공 완료,0
이효진 대림통상 부사장 美 아마존도 뚫어 판매 다각화,0
특징주 생활용품 관련주 대림통상 흑자전환에 주가↑,1
대유위니아그룹 종합R&D센터 준공 완료,0
대림통상 도비도스 직수비데 위생 청결 기능 강화,0
대유플러스 기아차 스포티지 봉고 LPI 납품 수소차 부품도 개발 중,0
연속 순매도 외인 대림통상 30일째 매도,0
다음주 주주총회 SK 두산그룹 등 1546개 상장사 몰려,0
대림통상 글로벌 욕실 제품 그룹 로카와 독점계약 체결,1
대유플러스 300억 BW 발행 추진,1
대림통상 2021 굿 디자인 어워드 수상,1
대유플러스 전환사채 전환가액 조정,0
대림통상 타인에 대한 채무보증 결정,0
대유위니아그룹 3년내 재계 50위 진입,0
대림통상 북미향 비데 4종 런칭 및 양식기 5종 아마존에 출시,1
대유플러스 작년 연간 연결 영업익 128억 전년비 11 6%↓,-1
욕실 전문기업 대림통상 북미향 비데 4종 런칭 및 양식기 5종 아마존에 출시,1
2030 핫이슈 박근혜 퇴원 저 목소리 오랫만에 들으니 묘하다 정치 빼고,0
대유플러스 주가 8%↑ 새아파트 전기차 충전기 설치 의무화,1
세아베스틸 주총서 물적분할 안건 통과 지주사 체제로 전환,0
2022 주총 세아베스틸 지주사 전환 위한 물적분할 확정‥내달 1일 출범,0
세아베스틸 논란 딛고 물적분할 시동 걸까 운명의 날 임박,0
사망사고 지주사 전환 등 논란에도 싱겁게 마무리 철강업계 주총,0
세아베스틸 국내 최초 사용후핵연료 운반저장용기 미국 수출 종합,0
쪼개기 상장 주가 반토막 성토장 된 주총 달래기 나선 기업,0
LS일렉트릭 세아베스틸 물적분할 추진 반대 주주들 뿔났다,1
고배당은 무조건 좋다 오너 배불리기 논란도,0
세아그룹 배터리 해상풍력 등 특수강 개발 속도 미래 먹거리 발굴,0
마켓파워 지주사 전환 앞둔 세아베스틸 이태성 세아홀딩스 사장 지배력 영,0
부천시 시민자전거보험 가입 최대 0 3억지원,1
부천시 시민자전거보험 가입 최대 3000만원 지원,1
디비손해보험 IT경력 사무지원직 신입 공채 4월 26일 18시 마감,1
다음주 슈퍼주총 LG화학 전자 등 765개사 개최,0
잡인사이드 디비손해보험 공채 속보 신입 채용,0
민간기업 일자리 정보 유진투자증권 주 현대건설 주 DB손해보험 주,0
직무 중 관용차 사고로 다친 경찰 보험금 받는다,0
구미시법원 환자 약침 시술 후 보험회사 환수한 시술료 반환하라,0
보험 보험설계사가 회사차 사고도 보험금 준다 고 설명했으면 보험금 지급,0
자동차보험 12곳 비교해보니 가장 싼 보험사는,0
광주 전남 보해양조 등 주요 사업장 3월 주총 시작,0
광주 전남 주요 사업장 3월 주총 시작,0
소주 가격 다 오른다 하이트진로 이어 무학 보해양조도 인상,0
소주에 이어 맥주까지 서민 술값 줄줄이 인상,0
하이트진로 이어 무학 보해도 소주값 인상,0
김 대리 소주 못 먹겠네 무학 보해도 출고가 인상,0
주요 공시 롯데푸드 현대퓨처넷 셀리드 보해양조 삼양식품,0
소줏값 도미노 인상 하이트진로 이어 무학 보해양조도 올려,0
소주업계 가격 도미노 인상 무학 보해양조 롯데칠성도 소주값 조정,0
참이슬 이어 처음처럼 도 오른다 소줏값 도미노 인상,0
택배노조 CJ대한통운 19일째 이어온 점거농성 해제,0
다음주 슈퍼주총 SK 두산그룹 등 1546개 상장사 몰려,0
택배노조 CJ대한통운 대리점연합회 대화 결렬,0
세아베스틸지주 내달 탄생 형제경영 시스템 고도화,0
부속합의서 결국 재논의 택배노조 파업 종료,0
역대급 호실적 세아제강 통 큰 배당 화답,0
택배노조 대리점 연합회 만난다,0
다음주 슈퍼주총 LG화학 전자 등 765개사 개최,0
법원 택배노조 CJ본사 점거 금지 가처분 다음주 초 결론,-1
세아그룹 배터리 해상풍력 등 특수강 개발 속도 미래 먹거리 발굴,0
택배노조 씨제이대한통운 대화 나서라 본사 기습 점거,0
세아제강지주 지난해 영업익 2989억 전년비 345%↑,1
CJ대한통운 택배노조 상대 점거 해제 가처분 신청,-1
세아제강지주 3월 22일 주주총회 개최,0
택배노조 CJ대한통운 본사 점거 일부 해제,0
세아제강지주 자회사 세아씨엠 주당 3500원 현금배당,0
경찰 CJ대한통운 본사 점거 택배노조원 8명 출석 요구,0
세아제강지주 주당 4050원 배당 우크라 사태로 강관 수출↑,1
급등주 세아제강지주 12% 상승 주당 1750원 현금배당 결정,1
세아제강지주 4거래일 연속 상승에 8% 급등 공매도 수량 11주,-1
황성만 오뚜기 대표 1등 제품으로 매출 올리겠다,0
상한가 종목 대덕 센트럴바이오 상한가 마감 뒤이어 샘씨엔에스 동일기연,0
오뚜기 브랜드 경험 공간 오키친 스튜디오 오픈,0
코리아써키트2우B 2 12% 상승폭 확대,1
LG전자 오뚜기 LG 주방가전 활용 요리수업 진행,0
코리아써키트2우B 3 13% VI 발동,0
CJ제일제당 햇반 가격 7 8% 올린다 오뚜기는 검토 중,0
코리아써키트2우B 7 80% 상승폭 확대,1
LG전자 오뚜기와 함께 특별한 요리 수업 열어,0
코리아써키트2우B 10 13% 상승폭 확대,1
식품 단신 오뚜기 오키친 스튜디오 개장 外,0
코리아써키트2우B 1 41% VI 발동,0
CJ제일제당 삼성전자vs오뚜기 LG전자 홈코노미 잡아라,0
코리아써키트2우B 21 26% 상승폭 확대,1
오뚜기 브랜드 경험 공간 오키친 스튜디오 오픈,0
코리아써키트2우B 5 63% VI 발동,0
오뚜기 오키친 스튜디오 오픈,0
코리아써키트2우B 6 03% VI 발동,0
푸드 오뚜기 마음까지 따뜻해지는 음식 이야기를 들려주세요,0
1월 23일 코리아써키트2우B 실시간증시 0 61% 4 980원,0
다음주 슈퍼주총 SK 두산그룹 등 1546개 상장사 몰려,0
안다자산운용 SK케미칼 주주들에 의결권 대리행사 권유,0
에스케이디스커버리 SK케미칼 주식 3만주 장내매수,1
유가증권 메모 28일 일반공모청약 에스케이디스커버리 등,0
유가증권 메모 27일 일반공모청약 에스케이디스커버리,0
SK디스커버리도 가습기살균제 부당표시 제재,0
SK바사 약 2000억원 추가 지원금 확보 SK바사 주식↑ 관련주 켐온 대정,1
SK디스커버리 SK케미칼 주식 3만5000주 추가 매수,1
ET투자뉴스 SK케미칼 지분 변동 에스케이디스커버리 주 외 8명 0 24%p 감,0
ET투자뉴스 SK가스 지분 변동 에스케이디스커버리 주 외 5명 0 24%p 증가,1
단기과열종목 해제 앞둔 대덕1우 진흥기업우B 1 03% 0 85% 하락,-1
시간외 증시 진흥기업우B 진흥기업2우B DB하이텍1우 상한가 잉크테크 코,0
코스피 단기과열종목 덕성우 크라운해태홀딩스우 등 줄하향세 최대 19 6,0
진흥기업우B 11 50% VI 발동,0
진흥기업2우B 6 42% 상승폭 확대,1
급등주 제일연마 27% 상승 지난해 영업익 66억 기록,1
진흥기업우B 21 92% 52주 신고가,1
진흥기업2우B 7 42% 상승폭 확대,1
다음주 슈퍼주총 SK 두산그룹 등 1546개 상장사 몰려,0
진흥기업우B 13 07% 상승폭 확대,1
제일연마 3월 첫째 주 코스피 수익율 상위권 도달 무슨 이슈 때문에,0
진흥기업2우B 5 23% 상승폭 확대,1
진흥기업우B 9 56% VI 발동,0
IR52 장영실상 현대자동차 제일연마공업 하이브리드 CFRP 연삭 휠,0
제일연마 주당 220원 현금배당 결정,0
제일연마공업 인도네시아 자회사에 49억 더 넣어 주식 추가 취득,0
특징주 제일연마 10억 규모의 자사주 취득 전 거래일 대비 1 78%↑,1
제일연마 주당 300원 현금배당 결정,0
2015 한국산업대전 제일연마공업 공구전에 연삭숫돌 출품,0
특징주 제일연마공업 250만주 공개매수 上,1
빅리그 적응 중인 2년 차 김하성 타티스 빨리 돌아오길,0
삼성공조 작년 연간 연결 영업익 11억 흑자전환,1
김다정 광주청년유니온 7기 위원장 취임,0
특징주 삼성공조 주가 전기차 관련주 각광에 연일 강세,1
IB토마토 VC포트폴리오 보청기 산업 혁신 아이콘 올리브유니온,0
특징주 삼성공조 17% 강세 전기차 가격경쟁 여파,1
라이더유니온 산재보험 전속성 기준 폐지 촉구,0
라이더유니온 산재보험 사각지대 해소 촉구,0
코스피 코스닥 장중 상승 삼성공조 대한전선 일지테크 현우산업 급등,1
유니온커뮤니티 美 최대 보안 전시회 ISC WEST2022 에 트리플모달 생체인식,0
급등주 삼성공조 15% 상승 PBR 0 5배,1
상생플러스 집토스 임규형 팀장 청년을 위한 부동산 거래 상품을 만들고,0
삼성공조 자회사 이송 변속기 부품 생산 판매 중단,-1
일하다 다친 배달기사 누구나 산재 보상 받을 수 있어야,0
저PBR 삼성공조 상반기 국내외 고른 성장 PBR 0 67배,0
ILO 협약 노조법 충돌 우려 특수고용 플랫폼노동자 노동권 보장해야,-1
25개 상위제약사 1000억원 이상 부채 신약개발 빚낸다,0
특징주 삼성공조 8% 강세 전기차 시장 가격 경쟁 확대,1
매달 산재보험료 내도 산재 불승인,0
제약업계 주총 슈퍼위크 오너 3세 경영권 승계 주목,0
특징주 삼성공조 주가 상승세 테슬라 AI 데이 영향,1
에이프로젠제약 지난해 매출 565억 전년비 5 9%↑,1
특징주 삼성공조 23% 급등 자동차 부품 생산기업,1
상장제약사 연구개발비 확대 연구개발비율은 축소,1
한독 보령제약 대원제약 삼일제약 동화약품 오너 3세 경영권 승계 주목,0
에이프로젠MED 에이프로젠제약 엇갈리는 주가 특히 에이프로젠MED 3거래일,0
24시간이 모자라 제약사들 감기약 대란에 철야 주말 특근 풀가동,0
상장제약사 수출액 축소 매출액 대비 비중 8%선 하락,-1
에이프로젠제약 4 23% 급등 코스피 의약품 구성종목 중 상승률 TOP,1
64개 상장제약사 중 25개사 이익잉여금 축소,0
하이트진로홀딩스 107기 주주총회 1주당 500원 배당,0
영풍 환경 리스크 극복 신사업으로 주주가치 제고,0
하이트진로홀딩스 이진욱 사외이사 신규선임,0
저PER∙저PBR 국순당 3월 음료업 저PER 1위 2위 하이트진로홀딩스,0
하이트진로홀딩스 요식업 종사자 자녀 70명에게 100만원씩 지원,1
코로나19에도 사상 최고 신용도 회복 앞둔 하이트진로,1
특징주 하이트진로 하이트진로홀딩스 거리두기 완화 주류 가격 인상에 주,0
하이트진로홀딩스 올해도 요식업 종사자의 자녀 위한 장학사업 펼쳐,0
하이트진로홀딩스 요식업 종사자 자녀 70명에 장학금 지급,0
하이트진로홀딩스 보통주 450원 종류주 500원 현금 배당,0
왓츠業 스타트업 투자가 주류회사 新성장 동력이죠 허재균 하이트진로,0
디티알오토모티브 예상을 뛰어넘은 호실적 하나,0
특징주 장초반 약세 디티알오토모티브 오후부터 급등세 왜,-1
디티알오토모티브 외형 내실 다 잡았다 올해 기대감도 ↑,1
실적발표 디티알오토모티브 쎄니트 넥센 루멘스,0
디티알오토모티브 가파른 상승세로 4% 상승 공매도 수량 10주 미만,-1
두산공작기계 품은 디티알오토모티브 신용등급 강등 왜,0
디티알오토모티브 두산공작기계 인수 1 5조 차입 재무 부담 금주 주가 4 8%,0
시그널 1 5兆 빚내 두산공작기계 품은 디티알오토모티브 재무 부담에 IPO,0
신평사 디티알오토모티브 신용등급 A 하향 두산공작기계 인수로 재무악,0
디티알오토모티브 세계 3위 두산공작기계 인수,0
영풍정밀 1분기 수주 성장 전망 영업환경도 긍정적 유진,0
저PBR 영풍정밀 올해 실적 회복 전망 PBR 0 46배,0
금호전기 시가하락에 사모 전환사채 가액 2187원으로 하향,-1
영풍 환경 리스크 극복 신사업 추진으로 주주가치 제고,1
서연탑메탈 주가 3%↑ 윤석열 베트남 국가 주석과 통화 예정,1
영풍 석포제련소 산불 피해 울진군에 성금 2억원 및 방한복 지원,-1
포토 서연 귀요미꽃,0
서연 5 34% 급등 KRX 자동차 구성종목 중 주가상승률 1위,1
S포토 프로미스나인 이서연 반갑서연,0
영풍 석포제련소 울진 산불 피해 성금 2억원 방한복 500벌 지원,-1
포토 서연 지선 채영 즐거운 영스 나들이,0
MTN 인사이트 출발은 같아도 길은 여러갈래 제지 오너3세의 동상이몽,0
서연 6 39% 급등 KRX 자동차 구성종목 중 상승률 1위,1
브랜드평판 핸드셋 상장기업 순위 1위 영풍 2위 엠씨넥스 3위 파인테크닉스,0
정치테마주 막판 요동 尹 관련주 급등 후 반락 종합,1
더벨 영풍제지 매각 숏리스트 선정 본입찰 흥행할까,1
서연 전자투표제 도입 결정,0
주요 공시 엑세스바이오 금호전기 국민연금 드림어스컴퍼니 한화생명,0
금호전기 브릭메이트 22억 규모 수주 1분기 전년 계약금 육박,0
서연 주당 100원 현금배당 결정,0
이수지 작가 안데르센상 수상 등 한국 작가들 활약 이어져,1
커버스토리② 누가 손끝 기술을 무용지물로 만들었나,0
금호전기 전환사채 전환가액 2180원으로 하향 주목 e공시,0
16일 수혜주 총정리 한진칼우 아시아나항공 TS트릴리온 JW신약 상승 항,1
1인당 국민소득 3만5000불 시대 열렸다 1월 주담대 금리는 8년9개월만에 최고,1
금호전기 내달 29일 정기주주총회,0
10일 상한가 총정리 두산2우B 신원종합개발 에이티세미콘 한국테크놀로지,0
3일 수혜주 총정리 삼부토건 노루홀딩스우 한국선재 경남스틸 상승 윤석,1
외식인 현대해상화재보험과 현대기술투자로부터 투자 유치,0
다음주 주주총회 SK 두산그룹 등 1546개 상장사 몰려,0
윤석열 수혜주 노루홀딩스우 덕성우 삼부토건 상승 尹 지지율 상승 탓,1
여성 사외이사 없는 보험사는 어디,0
금호전기 주가 상승 블록체인 사업 안착 신호,1
윤석열 수혜주 노루홀딩스우 덕성우 지엔코 주가 일제 상승세,1
노루홀딩스우 주가 29%↑ 윤석열 발언 때문에 강세,1
17일 삼성생명 주주총회 보험사 주총시즌 개막,0
탈모 공약 이긴 김건희 테마주 노루홀딩스 우 올 들어 수익률 1위,0
급등주 금호전기 7% 상승 에이릭앤컴퍼니 지분 55% 인수,1
윤석열 수혜주 노루홀딩스우 희림 서연 엇갈려 윤석열 지지율 접전,0
급등주 금호전기 10% 상승 자회사 편입으로 NFT 사업 진출,1
코스닥 900선 붕괴 코스피 상승률 1위 노루홀딩스우 마감시황,1
삼성화재 주총 안건 모두 통과 배당 보통주 1만2000원 우선주 1만2005원,0
더벨 금호전기 손잡은 에이릭앤컴퍼니 180억 밸류 인정,0
부고 원종감 현대해상 부장 씨 모친상,0
부고 원종감 현대해상 인천사업부장 씨 모친상,0
조원태 회장 한진칼 표 대결서 완승 KCGI 제안 모두 부결,0
한진칼 주총 표대결 조원태 압승 KCGI 주주제안 모두 부결,0
한국여행업협회 7일 현대해상과 업무협약,0
조원태 우호 분위기 가득했던 한진칼 주총 이번에도 KCGI 완패,0
현대해상 토스 와 비대면 영업 업무제휴,0
한진 제66기 정기주주총회 개최,0
2022 이사회 돋보기 삼성화재 여성 사외이사 박성연 교수 신규 선임 ESG,0
한진관광 해외여행 프로모션 퍼미션 투 트래블 진행,0
대법원 3부 임의비급여 치료관련 실손보험금 반환청구 사건 공개변론 진행,0
주총 노삼석 한진 대표 올해 매출 목표 2 6조원 영업익 1115억원,0
조원태 회장 체제 굳혔다 한진칼 주총 KCGI 표 대결서 완승 종합,0
한진 태양광발전 전기차충전사업 신성장동력으로 키운다,0
김대호 박사의 오늘 기업 사람 머크 SK스퀘어 안랩 한진칼,0
삼화콘덴서공업 InterBattery 2022서 하이브리드 구조의 차세대 배터리 배터,0
조원태 한진 회장 올해 글로벌 메가 캐리어 원년,0
다음주 슈퍼주총 LG화학 전자 등 765개사 개최,0
삼화콘덴서공업 보통주당 500원 현금배당 결정,0
삼화콘덴서공업 전장용 MLCC 테슬라에 공급 시작,1
기업이슈 삼화콘덴서 연이은 전장용 커패시터 수주 확보,0
삼화콘덴서 MLCC 테슬라 공급 소식에 주가 4%↑,1
주요 공시 삼화콘덴서공업 국민연금 종근당홀딩스 메드팩토 효성화학,0
삼화콘덴서 주가 3%↑ 친환경차 수주 급증에 따른 설비 투자 확대,1
실적발표 삼화콘덴서공업 한국주철관공업 대림제지 한솔홈데코,0
삼화콘덴서 친환경차 시대에 맞춰 설비투자 확대 실시,1
